STT,Tập dữ liệu,Thời gian,Entry,Tín hiệu,Độ tin cậy,SL,TP,Kết quả,PnL
1,TRAIN (Gốc),13:10 12/09/2023,1235.4,SHORT,100%,1242.4,1221.4,LOSS,-7.0
2,TRAIN (Gốc),13:15 13/09/2023,1250.1,SHORT,100%,1257.1,1236.1,LOSS,-7.0
3,TRAIN (Gốc),09:45 14/09/2023,1249.5,LONG,100%,1242.5,1263.5,LOSS,-7.0
4,TRAIN (Gốc),14:05 14/09/2023,1240.5,LONG,100%,1233.5,1254.5,LOSS,-7.0
5,TRAIN (Gốc),10:35 15/09/2023,1240.7,SHORT,100%,1247.7,1226.7,WIN,14.0
6,TRAIN (Gốc),13:20 15/09/2023,1238.5,LONG,100%,1231.5,1252.5,LOSS,-7.0
7,TRAIN (Gốc),13:35 18/09/2023,1221.6,SHORT,100%,1228.6,1207.6,WIN,1.6
8,TRAIN (Gốc),10:00 19/09/2023,1222.9,SHORT,100%,1229.9,1208.9,WIN,1.8
9,TRAIN (Gốc),13:10 19/09/2023,1218.9,LONG,100%,1211.9,1232.9,WIN,3.5
10,TRAIN (Gốc),09:35 20/09/2023,1222.4,LONG,100%,1215.4,1236.4,WIN,14.0
11,TRAIN (Gốc),11:15 21/09/2023,1226.8,SHORT,100%,1233.8,1212.8,WIN,14.0
12,TRAIN (Gốc),13:05 25/09/2023,1192.2,SHORT,100%,1199.2,1178.2,WIN,14.0
13,TRAIN (Gốc),13:15 26/09/2023,1165.7,LONG,100%,1158.7,1179.7,WIN,2.6
14,TRAIN (Gốc),13:50 27/09/2023,1152.9,SHORT,100%,1159.9,1138.9,LOSS,-7.0
15,TRAIN (Gốc),10:45 29/09/2023,1169.1,LONG,100%,1162.1,1183.1,LOSS,-7.0
16,TRAIN (Gốc),13:50 29/09/2023,1166.3,SHORT,100%,1173.3,1152.3,WIN,1.2
17,TRAIN (Gốc),09:55 02/10/2023,1164.0,LONG,100%,1157.0,1178.0,BE,0.0
18,TRAIN (Gốc),13:35 02/10/2023,1165.5,SHORT,100%,1172.5,1151.5,WIN,14.0
19,TRAIN (Gốc),13:50 03/10/2023,1142.0,LONG,100%,1135.0,1156.0,LOSS,-7.0
20,TRAIN (Gốc),10:05 04/10/2023,1131.0,LONG,100%,1124.0,1145.0,WIN,4.8
21,TRAIN (Gốc),11:20 04/10/2023,1132.1,LONG,100%,1125.1,1146.1,WIN,3.7
22,TRAIN (Gốc),14:25 04/10/2023,1135.9,SHORT,100%,1142.9,1121.9,WIN,14.0
23,TRAIN (Gốc),13:45 05/10/2023,1130.2,SHORT,100%,1137.2,1116.2,WIN,3.2
24,TRAIN (Gốc),10:40 06/10/2023,1122.9,SHORT,100%,1129.9,1108.9,LOSS,-7.0
25,TRAIN (Gốc),10:05 09/10/2023,1139.2,LONG,100%,1132.2,1153.2,WIN,14.0
26,TRAIN (Gốc),13:05 09/10/2023,1141.7,LONG,100%,1134.7,1155.7,WIN,14.0
27,TRAIN (Gốc),11:05 10/10/2023,1160.5,LONG,100%,1153.5,1174.5,LOSS,-7.0
28,TRAIN (Gốc),10:35 11/10/2023,1158.4,LONG,100%,1151.4,1172.4,WIN,3.5
29,TRAIN (Gốc),13:15 11/10/2023,1156.3,SHORT,100%,1163.3,1142.3,LOSS,-7.0
30,TRAIN (Gốc),10:55 12/10/2023,1166.7,LONG,100%,1159.7,1180.7,LOSS,-7.0
31,TRAIN (Gốc),13:35 12/10/2023,1165.0,SHORT,100%,1172.0,1151.0,WIN,14.0
32,TRAIN (Gốc),10:50 13/10/2023,1153.5,SHORT,100%,1160.5,1139.5,BE,0.0
33,TRAIN (Gốc),13:55 13/10/2023,1151.3,LONG,100%,1144.3,1165.3,WIN,6.7
34,TRAIN (Gốc),13:15 16/10/2023,1154.8,LONG,100%,1147.8,1168.8,LOSS,-7.0
35,TRAIN (Gốc),10:35 17/10/2023,1151.1,LONG,100%,1144.1,1165.1,BE,0.0
36,TRAIN (Gốc),13:35 17/10/2023,1154.6,SHORT,100%,1161.6,1140.6,WIN,14.0
37,TRAIN (Gốc),13:30 18/10/2023,1138.6,SHORT,100%,1145.6,1124.6,WIN,14.0
38,TRAIN (Gốc),13:40 23/10/2023,1101.4,SHORT,100%,1108.4,1087.4,LOSS,-7.0
39,TRAIN (Gốc),11:20 24/10/2023,1109.0,LONG,100%,1102.0,1123.0,WIN,4.7
40,TRAIN (Gốc),13:00 25/10/2023,1119.5,SHORT,100%,1126.5,1105.5,WIN,14.0
41,TRAIN (Gốc),09:15 27/10/2023,1064.2,SHORT,100%,1071.2,1050.2,WIN,6.9
42,TRAIN (Gốc),13:15 27/10/2023,1058.7,SHORT,100%,1065.7,1044.7,WIN,1.4
43,TRAIN (Gốc),10:35 30/10/2023,1057.6,LONG,100%,1050.6,1071.6,WIN,1.7
44,TRAIN (Gốc),13:25 31/10/2023,1047.8,SHORT,100%,1054.8,1033.8,WIN,3.2
45,TRAIN (Gốc),10:00 01/11/2023,1043.1,SHORT,100%,1050.1,1029.1,LOSS,-7.0
46,TRAIN (Gốc),13:10 01/11/2023,1044.9,SHORT,100%,1051.9,1030.9,LOSS,-7.0
47,TRAIN (Gốc),14:00 03/11/2023,1086.9,SHORT,100%,1093.9,1072.9,LOSS,-7.0
48,TRAIN (Gốc),13:15 06/11/2023,1102.0,LONG,100%,1095.0,1116.0,LOSS,-7.0
49,TRAIN (Gốc),10:25 07/11/2023,1101.0,LONG,100%,1094.0,1115.0,LOSS,-7.0
50,TRAIN (Gốc),13:05 07/11/2023,1099.5,LONG,100%,1092.5,1113.5,LOSS,-7.0
51,TRAIN (Gốc),13:10 08/11/2023,1090.3,SHORT,100%,1097.3,1076.3,LOSS,-7.0
52,TRAIN (Gốc),14:05 09/11/2023,1131.9,LONG,100%,1124.9,1145.9,LOSS,-7.0
53,TRAIN (Gốc),11:20 13/11/2023,1111.9,SHORT,100%,1118.9,1097.9,WIN,4.7
54,TRAIN (Gốc),09:00 14/11/2023,1115.0,LONG,100%,1108.0,1129.0,WIN,1.4
55,TRAIN (Gốc),10:35 20/11/2023,1092.6,SHORT,100%,1099.6,1078.6,LOSS,-7.0
56,TRAIN (Gốc),14:15 20/11/2023,1103.2,SHORT,100%,1110.2,1089.2,LOSS,-7.0
57,TRAIN (Gốc),10:05 21/11/2023,1107.4,LONG,100%,1100.4,1121.4,BE,0.0
58,TRAIN (Gốc),13:25 21/11/2023,1105.4,LONG,100%,1098.4,1119.4,WIN,2.5
59,TRAIN (Gốc),13:35 23/11/2023,1108.4,SHORT,100%,1115.4,1094.4,WIN,14.0
60,TRAIN (Gốc),13:25 24/11/2023,1080.4,SHORT,100%,1087.4,1066.4,WIN,6.2
61,TRAIN (Gốc),10:00 27/11/2023,1080.0,SHORT,100%,1087.0,1066.0,WIN,3.8
62,TRAIN (Gốc),13:10 27/11/2023,1080.5,SHORT,100%,1087.5,1066.5,WIN,4.3
63,TRAIN (Gốc),10:45 29/11/2023,1091.4,LONG,100%,1084.4,1105.4,BE,0.0
64,TRAIN (Gốc),13:25 29/11/2023,1091.7,LONG,100%,1084.7,1105.7,BE,0.0
65,TRAIN (Gốc),09:45 30/11/2023,1093.0,LONG,100%,1086.0,1107.0,LOSS,-7.0
66,TRAIN (Gốc),11:00 30/11/2023,1093.7,SHORT,100%,1100.7,1079.7,WIN,14.0
67,TRAIN (Gốc),11:15 01/12/2023,1082.7,SHORT,100%,1089.7,1068.7,LOSS,-7.0
68,TRAIN (Gốc),14:00 01/12/2023,1086.3,LONG,100%,1079.3,1100.3,WIN,14.0
69,TRAIN (Gốc),13:35 04/12/2023,1109.6,LONG,100%,1102.6,1123.6,LOSS,-7.0
70,TRAIN (Gốc),10:30 05/12/2023,1105.2,SHORT,100%,1112.2,1091.2,WIN,1.6
71,TRAIN (Gốc),13:40 05/12/2023,1102.3,SHORT,100%,1109.3,1088.3,LOSS,-7.0
72,TRAIN (Gốc),13:10 06/12/2023,1106.3,LONG,100%,1099.3,1120.3,BE,0.0
73,TRAIN (Gốc),09:45 07/12/2023,1106.6,SHORT,100%,1113.6,1092.6,BE,0.0
74,TRAIN (Gốc),13:40 07/12/2023,1102.9,LONG,100%,1095.9,1116.9,WIN,14.0
75,TRAIN (Gốc),13:00 08/12/2023,1115.5,LONG,100%,1108.5,1129.5,BE,0.0
76,TRAIN (Gốc),09:45 11/12/2023,1114.2,SHORT,100%,1121.2,1100.2,LOSS,-7.0
77,TRAIN (Gốc),13:10 11/12/2023,1115.0,LONG,100%,1108.0,1129.0,BE,0.0
78,TRAIN (Gốc),13:15 12/12/2023,1116.3,LONG,100%,1109.3,1130.3,LOSS,-7.0
79,TRAIN (Gốc),10:00 14/12/2023,1110.1,SHORT,100%,1117.1,1096.1,WIN,2.0
80,TRAIN (Gốc),13:20 14/12/2023,1110.5,SHORT,100%,1117.5,1096.5,WIN,2.4
81,TRAIN (Gốc),10:15 15/12/2023,1105.4,SHORT,100%,1112.4,1091.4,WIN,14.0
82,TRAIN (Gốc),13:20 15/12/2023,1106.0,LONG,100%,1099.0,1120.0,LOSS,-7.0
83,TRAIN (Gốc),13:25 18/12/2023,1089.1,SHORT,100%,1096.1,1075.1,WIN,2.9
84,TRAIN (Gốc),13:25 19/12/2023,1082.3,SHORT,100%,1089.3,1068.3,LOSS,-7.0
85,TRAIN (Gốc),10:50 26/12/2023,1116.0,LONG,100%,1109.0,1130.0,WIN,3.2
86,TRAIN (Gốc),13:40 26/12/2023,1115.0,SHORT,100%,1122.0,1101.0,LOSS,-7.0
87,TRAIN (Gốc),13:15 27/12/2023,1122.9,LONG,100%,1115.9,1136.9,WIN,14.0
88,TRAIN (Gốc),13:15 29/12/2023,1133.9,SHORT,100%,1140.9,1119.9,LOSS,-7.0
89,TRAIN (Gốc),10:30 02/01/2024,1138.0,SHORT,100%,1145.0,1124.0,WIN,4.3
90,TRAIN (Gốc),14:15 02/01/2024,1132.9,SHORT,100%,1139.9,1118.9,LOSS,-7.0
91,TRAIN (Gốc),14:20 04/01/2024,1160.3,SHORT,100%,1167.3,1146.3,LOSS,-7.0
92,TRAIN (Gốc),10:30 05/01/2024,1158.4,SHORT,100%,1165.4,1144.4,LOSS,-7.0
93,TRAIN (Gốc),13:15 05/01/2024,1158.5,LONG,100%,1151.5,1172.5,WIN,14.0
94,TRAIN (Gốc),13:55 08/01/2024,1166.7,LONG,100%,1159.7,1180.7,LOSS,-7.0
95,TRAIN (Gốc),11:00 09/01/2024,1162.3,SHORT,100%,1169.3,1148.3,LOSS,-7.0
96,TRAIN (Gốc),14:05 09/01/2024,1164.6,LONG,100%,1157.6,1178.6,WIN,4.0
97,TRAIN (Gốc),13:00 10/01/2024,1164.3,SHORT,100%,1171.3,1150.3,LOSS,-7.0
98,TRAIN (Gốc),14:45 11/01/2024,1168.1,LONG,100%,1161.1,1182.1,LOSS,-7.0
99,TRAIN (Gốc),14:25 12/01/2024,1165.7,LONG,100%,1158.7,1179.7,WIN,2.3
100,TRAIN (Gốc),13:30 15/01/2024,1169.9,SHORT,100%,1176.9,1155.9,WIN,5.2
101,TRAIN (Gốc),10:35 16/01/2024,1159.5,SHORT,100%,1166.5,1145.5,LOSS,-7.0
102,TRAIN (Gốc),14:05 16/01/2024,1162.9,LONG,100%,1155.9,1176.9,WIN,14.0
103,TRAIN (Gốc),13:00 17/01/2024,1174.4,SHORT,100%,1181.4,1160.4,WIN,2.6
104,TRAIN (Gốc),13:10 19/01/2024,1185.1,LONG,100%,1178.1,1199.1,WIN,3.3
105,TRAIN (Gốc),13:20 22/01/2024,1190.0,LONG,100%,1183.0,1204.0,BE,0.0
106,TRAIN (Gốc),10:00 23/01/2024,1192.1,SHORT,100%,1199.1,1178.1,WIN,3.1
107,TRAIN (Gốc),11:25 24/01/2024,1188.5,LONG,100%,1181.5,1202.5,LOSS,-7.0
108,TRAIN (Gốc),10:55 25/01/2024,1179.7,SHORT,100%,1186.7,1165.7,LOSS,-7.0
109,TRAIN (Gốc),13:45 25/01/2024,1180.3,SHORT,100%,1187.3,1166.3,LOSS,-7.0
110,TRAIN (Gốc),11:20 26/01/2024,1186.2,LONG,100%,1179.2,1200.2,OPEN,0.0
111,TRAIN (Gốc),14:00 26/01/2024,1186.8,LONG,100%,1179.8,1200.8,OPEN,0.0
112,TRAIN (Gốc),10:05 29/01/2024,1187.2,LONG,100%,1180.2,1201.2,OPEN,0.0
113,TRAIN (Gốc),09:55 30/01/2024,1184.0,LONG,100%,1177.0,1198.0,LOSS,-7.0
114,TRAIN (Gốc),11:10 30/01/2024,1183.1,SHORT,100%,1190.1,1169.1,WIN,14.0
115,TRAIN (Gốc),13:20 01/02/2024,1177.1,LONG,100%,1170.1,1191.1,OPEN,0.0
116,TRAIN (Gốc),09:00 02/02/2024,1179.1,LONG,100%,1172.1,1193.1,WIN,14.0
117,TRAIN (Gốc),13:45 02/02/2024,1177.4,SHORT,100%,1184.4,1163.4,LOSS,-7.0
118,TRAIN (Gốc),10:40 06/02/2024,1204.3,LONG,100%,1197.3,1218.3,WIN,14.0
119,TRAIN (Gốc),14:10 06/02/2024,1204.2,LONG,100%,1197.2,1218.2,WIN,14.0
120,TRAIN (Gốc),10:20 07/02/2024,1206.3,LONG,100%,1199.3,1220.3,WIN,14.0
121,TRAIN (Gốc),11:00 15/02/2024,1222.7,LONG,100%,1215.7,1236.7,WIN,14.0
122,TRAIN (Gốc),14:15 15/02/2024,1221.6,SHORT,100%,1228.6,1207.6,LOSS,-7.0
123,TRAIN (Gốc),10:55 16/02/2024,1226.0,SHORT,100%,1233.0,1212.0,LOSS,-7.0
124,TRAIN (Gốc),11:10 19/02/2024,1232.8,SHORT,100%,1239.8,1218.8,LOSS,-7.0
125,TRAIN (Gốc),11:10 20/02/2024,1240.2,SHORT,100%,1247.2,1226.2,LOSS,-7.0
126,TRAIN (Gốc),13:50 20/02/2024,1242.0,LONG,100%,1235.0,1256.0,OPEN,0.0
127,TRAIN (Gốc),09:40 21/02/2024,1240.9,LONG,100%,1233.9,1254.9,BE,0.0
128,TRAIN (Gốc),13:10 26/02/2024,1225.4,SHORT,100%,1232.4,1211.4,LOSS,-7.0
129,TRAIN (Gốc),13:15 27/02/2024,1237.3,LONG,100%,1230.3,1251.3,WIN,14.0
130,TRAIN (Gốc),11:25 28/02/2024,1244.7,LONG,100%,1237.7,1258.7,WIN,14.0
131,TRAIN (Gốc),13:45 29/02/2024,1262.7,LONG,100%,1255.7,1276.7,LOSS,-7.0
132,TRAIN (Gốc),09:35 01/03/2024,1263.9,LONG,100%,1256.9,1277.9,WIN,1.0
133,TRAIN (Gốc),13:10 01/03/2024,1263.2,SHORT,100%,1270.2,1249.2,LOSS,-7.0
134,TRAIN (Gốc),11:15 04/03/2024,1267.1,LONG,100%,1260.1,1281.1,WIN,14.0
135,TRAIN (Gốc),14:10 04/03/2024,1266.4,SHORT,100%,1273.4,1252.4,LOSS,-7.0
136,TRAIN (Gốc),09:45 05/03/2024,1268.5,LONG,100%,1261.5,1282.5,WIN,6.5
137,TRAIN (Gốc),13:15 05/03/2024,1265.5,SHORT,100%,1272.5,1251.5,LOSS,-7.0
138,TRAIN (Gốc),13:10 07/03/2024,1269.4,LONG,100%,1262.4,1283.4,WIN,1.8
139,TRAIN (Gốc),09:20 08/03/2024,1271.6,SHORT,100%,1278.6,1257.6,WIN,14.0
140,TRAIN (Gốc),13:45 08/03/2024,1259.1,LONG,100%,1252.1,1273.1,LOSS,-7.0
141,TRAIN (Gốc),13:35 11/03/2024,1251.5,LONG,100%,1244.5,1265.5,LOSS,-7.0
142,TRAIN (Gốc),10:40 12/03/2024,1234.2,SHORT,100%,1241.2,1220.2,LOSS,-7.0
143,TRAIN (Gốc),13:50 12/03/2024,1235.8,SHORT,100%,1242.8,1221.8,LOSS,-7.0
144,TRAIN (Gốc),13:25 13/03/2024,1250.3,LONG,100%,1243.3,1264.3,WIN,14.0
145,TRAIN (Gốc),10:20 14/03/2024,1269.9,LONG,100%,1262.9,1283.9,LOSS,-7.0
146,TRAIN (Gốc),10:55 15/03/2024,1254.6,SHORT,100%,1261.6,1240.6,WIN,5.5
147,TRAIN (Gốc),14:00 15/03/2024,1247.1,SHORT,100%,1254.1,1233.1,LOSS,-7.0
148,TRAIN (Gốc),13:50 18/03/2024,1233.8,LONG,100%,1226.8,1247.8,LOSS,-7.0
149,TRAIN (Gốc),10:45 19/03/2024,1230.8,LONG,100%,1223.8,1244.8,WIN,14.0
150,TRAIN (Gốc),13:35 19/03/2024,1231.2,SHORT,100%,1238.2,1217.2,LOSS,-7.0
151,TRAIN (Gốc),10:15 20/03/2024,1233.1,LONG,100%,1226.1,1247.1,WIN,14.0
152,TRAIN (Gốc),13:40 22/03/2024,1282.9,SHORT,100%,1289.9,1268.9,BE,0.0
153,TRAIN (Gốc),09:50 25/03/2024,1284.1,LONG,100%,1277.1,1298.1,LOSS,-7.0
154,TRAIN (Gốc),11:05 25/03/2024,1281.7,SHORT,100%,1288.7,1267.7,WIN,14.0
155,TRAIN (Gốc),13:45 25/03/2024,1281.5,LONG,100%,1274.5,1295.5,LOSS,-7.0
156,TRAIN (Gốc),13:20 27/03/2024,1284.2,LONG,100%,1277.2,1298.2,WIN,14.0
157,TRAIN (Gốc),13:05 28/03/2024,1299.1,LONG,100%,1292.1,1313.1,WIN,1.9
158,TRAIN (Gốc),14:05 29/03/2024,1298.2,SHORT,100%,1305.2,1284.2,BE,0.0
159,TRAIN (Gốc),09:45 01/04/2024,1297.0,LONG,100%,1290.0,1311.0,LOSS,-7.0
160,TRAIN (Gốc),09:00 02/04/2024,1281.6,SHORT,100%,1288.6,1267.6,BE,0.0
161,TRAIN (Gốc),11:15 02/04/2024,1280.4,LONG,100%,1273.4,1294.4,WIN,4.5
162,TRAIN (Gốc),09:00 03/04/2024,1284.0,SHORT,100%,1291.0,1270.0,WIN,14.0
163,TRAIN (Gốc),10:40 03/04/2024,1284.1,SHORT,100%,1291.1,1270.1,WIN,14.0
164,TRAIN (Gốc),13:40 03/04/2024,1281.9,LONG,100%,1274.9,1295.9,LOSS,-7.0
165,TRAIN (Gốc),10:30 04/04/2024,1276.3,SHORT,100%,1283.3,1262.3,WIN,2.1
166,TRAIN (Gốc),13:55 04/04/2024,1271.1,SHORT,100%,1278.1,1257.1,WIN,14.0
167,TRAIN (Gốc),13:50 05/04/2024,1258.6,SHORT,100%,1265.6,1244.6,WIN,4.4
168,TRAIN (Gốc),10:50 08/04/2024,1249.5,SHORT,100%,1256.5,1235.5,LOSS,-7.0
169,TRAIN (Gốc),14:15 08/04/2024,1253.9,SHORT,100%,1260.9,1239.9,LOSS,-7.0
170,TRAIN (Gốc),11:05 09/04/2024,1256.5,LONG,100%,1249.5,1270.5,WIN,14.0
171,TRAIN (Gốc),13:05 10/04/2024,1270.3,LONG,100%,1263.3,1284.3,LOSS,-7.0
172,TRAIN (Gốc),14:20 10/04/2024,1261.4,SHORT,100%,1268.4,1247.4,WIN,3.6
173,TRAIN (Gốc),11:20 11/04/2024,1257.8,LONG,100%,1250.8,1271.8,WIN,3.0
174,TRAIN (Gốc),14:20 11/04/2024,1260.9,LONG,100%,1253.9,1274.9,BE,0.0
175,TRAIN (Gốc),10:55 12/04/2024,1264.1,LONG,100%,1257.1,1278.1,WIN,14.0
176,TRAIN (Gốc),13:10 15/04/2024,1274.3,SHORT,100%,1281.3,1260.3,WIN,14.0
177,TRAIN (Gốc),13:45 16/04/2024,1228.8,LONG,100%,1221.8,1242.8,LOSS,-7.0
178,TRAIN (Gốc),10:10 17/04/2024,1229.0,SHORT,100%,1236.0,1215.0,WIN,14.0
179,TRAIN (Gốc),13:10 17/04/2024,1226.7,SHORT,100%,1233.7,1212.7,WIN,14.0
180,TRAIN (Gốc),13:10 19/04/2024,1199.8,LONG,100%,1192.8,1213.8,WIN,4.3
181,TRAIN (Gốc),11:20 22/04/2024,1206.8,SHORT,100%,1213.8,1192.8,LOSS,-7.0
182,TRAIN (Gốc),14:15 22/04/2024,1206.7,SHORT,100%,1213.7,1192.7,WIN,14.0
183,TRAIN (Gốc),10:10 23/04/2024,1206.2,SHORT,100%,1213.2,1192.2,WIN,14.0
184,TRAIN (Gốc),11:25 23/04/2024,1208.2,LONG,100%,1201.2,1222.2,LOSS,-7.0
185,TRAIN (Gốc),09:00 26/04/2024,1222.5,SHORT,100%,1229.5,1208.5,LOSS,-7.0
186,TRAIN (Gốc),11:20 26/04/2024,1232.0,SHORT,100%,1239.0,1218.0,LOSS,-7.0
187,TRAIN (Gốc),13:15 02/05/2024,1236.5,LONG,100%,1229.5,1250.5,WIN,14.0
188,TRAIN (Gốc),14:10 03/05/2024,1248.7,SHORT,100%,1255.7,1234.7,LOSS,-7.0
189,TRAIN (Gốc),10:55 07/05/2024,1268.0,SHORT,100%,1275.0,1254.0,LOSS,-7.0
190,TRAIN (Gốc),10:20 08/05/2024,1268.5,LONG,100%,1261.5,1282.5,WIN,5.7
191,TRAIN (Gốc),13:40 08/05/2024,1271.2,LONG,100%,1264.2,1285.2,WIN,3.0
192,TRAIN (Gốc),14:15 09/05/2024,1271.2,SHORT,100%,1278.2,1257.2,LOSS,-7.0
193,TRAIN (Gốc),10:10 13/05/2024,1270.1,SHORT,100%,1277.1,1256.1,WIN,1.2
194,TRAIN (Gốc),13:15 13/05/2024,1269.6,LONG,100%,1262.6,1283.6,LOSS,-7.0
195,TRAIN (Gốc),09:00 14/05/2024,1270.9,LONG,100%,1263.9,1284.9,WIN,1.2
196,TRAIN (Gốc),10:45 14/05/2024,1273.0,SHORT,100%,1280.0,1259.0,LOSS,-7.0
197,TRAIN (Gốc),13:40 14/05/2024,1273.8,LONG,100%,1266.8,1287.8,WIN,14.0
198,TRAIN (Gốc),09:05 17/05/2024,1304.4,LONG,100%,1297.4,1318.4,WIN,14.0
199,TRAIN (Gốc),13:35 17/05/2024,1304.7,LONG,100%,1297.7,1318.7,WIN,14.0
200,TRAIN (Gốc),13:55 20/05/2024,1314.0,LONG,100%,1307.0,1328.0,LOSS,-7.0
201,TRAIN (Gốc),13:00 21/05/2024,1306.5,SHORT,100%,1313.5,1292.5,WIN,2.3
202,TRAIN (Gốc),14:25 21/05/2024,1305.6,LONG,100%,1298.6,1319.6,LOSS,-7.0
203,TRAIN (Gốc),10:45 23/05/2024,1288.0,SHORT,100%,1295.0,1274.0,LOSS,-7.0
204,TRAIN (Gốc),11:05 24/05/2024,1294.4,SHORT,100%,1301.4,1280.4,WIN,14.0
205,TRAIN (Gốc),10:40 27/05/2024,1280.2,LONG,100%,1273.2,1294.2,LOSS,-7.0
206,TRAIN (Gốc),13:20 27/05/2024,1278.0,SHORT,100%,1285.0,1264.0,LOSS,-7.0
207,TRAIN (Gốc),09:00 28/05/2024,1281.8,LONG,100%,1274.8,1295.8,WIN,3.4
208,TRAIN (Gốc),11:15 28/05/2024,1284.2,LONG,100%,1277.2,1298.2,WIN,1.0
209,TRAIN (Gốc),14:05 28/05/2024,1285.0,LONG,100%,1278.0,1299.0,BE,0.0
210,TRAIN (Gốc),09:40 29/05/2024,1287.3,SHORT,100%,1294.3,1273.3,WIN,14.0
211,TRAIN (Gốc),14:00 29/05/2024,1284.8,SHORT,100%,1291.8,1270.8,WIN,14.0
212,TRAIN (Gốc),13:50 30/05/2024,1263.8,LONG,100%,1256.8,1277.8,WIN,3.9
213,TRAIN (Gốc),13:00 31/05/2024,1272.6,LONG,100%,1265.6,1286.6,WIN,14.0
214,TRAIN (Gốc),09:00 03/06/2024,1281.4,LONG,100%,1274.4,1295.4,WIN,14.0
215,TRAIN (Gốc),10:40 04/06/2024,1296.5,SHORT,100%,1303.5,1282.5,LOSS,-7.0
216,TRAIN (Gốc),13:25 04/06/2024,1296.6,SHORT,100%,1303.6,1282.6,LOSS,-7.0
217,TRAIN (Gốc),09:00 05/06/2024,1304.2,LONG,100%,1297.2,1318.2,LOSS,-7.0
218,TRAIN (Gốc),13:30 05/06/2024,1304.3,LONG,100%,1297.3,1318.3,LOSS,-7.0
219,TRAIN (Gốc),10:25 06/06/2024,1299.6,SHORT,100%,1306.6,1285.6,BE,0.0
220,TRAIN (Gốc),13:45 06/06/2024,1301.9,SHORT,100%,1308.9,1287.9,WIN,2.8
221,TRAIN (Gốc),11:00 07/06/2024,1304.1,LONG,100%,1297.1,1318.1,WIN,2.9
222,TRAIN (Gốc),13:40 07/06/2024,1301.5,SHORT,100%,1308.5,1287.5,LOSS,-7.0
223,TRAIN (Gốc),11:05 10/06/2024,1311.5,LONG,100%,1304.5,1325.5,LOSS,-7.0
224,TRAIN (Gốc),14:25 10/06/2024,1309.1,LONG,100%,1302.1,1323.1,LOSS,-7.0
225,TRAIN (Gốc),14:20 11/06/2024,1304.5,LONG,100%,1297.5,1318.5,WIN,14.0
226,TRAIN (Gốc),10:30 12/06/2024,1304.5,SHORT,100%,1311.5,1290.5,LOSS,-7.0
227,TRAIN (Gốc),13:15 13/06/2024,1328.4,LONG,100%,1321.4,1342.4,WIN,3.2
228,TRAIN (Gốc),09:20 14/06/2024,1331.1,SHORT,100%,1338.1,1317.1,WIN,14.0
229,TRAIN (Gốc),10:40 14/06/2024,1333.0,LONG,100%,1326.0,1347.0,LOSS,-7.0
230,TRAIN (Gốc),13:55 14/06/2024,1329.7,SHORT,100%,1336.7,1315.7,WIN,14.0
231,TRAIN (Gốc),13:05 17/06/2024,1311.6,SHORT,100%,1318.6,1297.6,LOSS,-7.0
232,TRAIN (Gốc),13:15 21/06/2024,1316.8,SHORT,100%,1323.8,1302.8,WIN,14.0
233,TRAIN (Gốc),14:05 24/06/2024,1294.7,SHORT,100%,1301.7,1280.7,WIN,2.2
234,TRAIN (Gốc),10:40 25/06/2024,1288.7,SHORT,100%,1295.7,1274.7,WIN,1.6
235,TRAIN (Gốc),14:10 25/06/2024,1287.5,SHORT,100%,1294.5,1273.5,BE,0.0
236,TRAIN (Gốc),10:05 26/06/2024,1288.3,SHORT,100%,1295.3,1274.3,WIN,5.7
237,TRAIN (Gốc),14:15 26/06/2024,1281.3,SHORT,100%,1288.3,1267.3,LOSS,-7.0
238,TRAIN (Gốc),10:10 27/06/2024,1285.8,LONG,100%,1278.8,1299.8,BE,0.0
239,TRAIN (Gốc),09:40 28/06/2024,1288.7,SHORT,100%,1295.7,1274.7,WIN,14.0
240,TRAIN (Gốc),14:05 28/06/2024,1286.8,LONG,100%,1279.8,1300.8,LOSS,-7.0
241,TRAIN (Gốc),10:50 01/07/2024,1274.0,SHORT,100%,1281.0,1260.0,LOSS,-7.0
242,TRAIN (Gốc),14:10 02/07/2024,1293.7,SHORT,100%,1300.7,1279.7,LOSS,-7.0
243,TRAIN (Gốc),10:45 03/07/2024,1297.1,LONG,100%,1290.1,1311.1,WIN,14.0
244,TRAIN (Gốc),13:00 04/07/2024,1309.2,LONG,100%,1302.2,1323.2,WIN,1.2
245,TRAIN (Gốc),10:45 05/07/2024,1309.8,SHORT,100%,1316.8,1295.8,LOSS,-7.0
246,TRAIN (Gốc),13:25 05/07/2024,1310.6,LONG,100%,1303.6,1324.6,BE,0.0
247,TRAIN (Gốc),09:45 08/07/2024,1313.4,SHORT,100%,1320.4,1299.4,BE,0.0
248,TRAIN (Gốc),09:25 09/07/2024,1311.5,SHORT,100%,1318.5,1297.5,BE,0.0
249,TRAIN (Gốc),10:40 09/07/2024,1309.7,LONG,100%,1302.7,1323.7,WIN,4.3
250,TRAIN (Gốc),09:25 10/07/2024,1316.3,SHORT,100%,1323.3,1302.3,OPEN,0.0
251,TRAIN (Gốc),11:05 10/07/2024,1319.4,LONG,100%,1312.4,1333.4,LOSS,-7.0
252,TRAIN (Gốc),10:35 11/07/2024,1317.2,LONG,100%,1310.2,1331.2,LOSS,-7.0
253,TRAIN (Gốc),09:30 12/07/2024,1309.7,LONG,100%,1302.7,1323.7,LOSS,-7.0
254,TRAIN (Gốc),10:55 12/07/2024,1306.5,SHORT,100%,1313.5,1292.5,WIN,1.3
255,TRAIN (Gốc),14:10 12/07/2024,1304.0,SHORT,100%,1311.0,1290.0,WIN,3.9
256,TRAIN (Gốc),10:30 15/07/2024,1302.6,SHORT,100%,1309.6,1288.6,WIN,2.5
257,TRAIN (Gốc),09:00 17/07/2024,1308.2,LONG,100%,1301.2,1322.2,WIN,6.6
258,TRAIN (Gốc),10:55 17/07/2024,1304.9,LONG,100%,1297.9,1318.9,WIN,14.0
259,TRAIN (Gốc),14:25 17/07/2024,1297.9,SHORT,100%,1304.9,1283.9,LOSS,-7.0
260,TRAIN (Gốc),10:25 19/07/2024,1305.8,SHORT,100%,1312.8,1291.8,WIN,3.5
261,TRAIN (Gốc),14:00 19/07/2024,1301.9,SHORT,100%,1308.9,1287.9,WIN,3.6
262,TRAIN (Gốc),09:45 22/07/2024,1302.2,LONG,100%,1295.2,1316.2,LOSS,-7.0
263,TRAIN (Gốc),13:35 22/07/2024,1296.3,LONG,100%,1289.3,1310.3,BE,0.0
264,TRAIN (Gốc),10:55 23/07/2024,1299.5,SHORT,100%,1306.5,1285.5,WIN,14.0
265,TRAIN (Gốc),10:45 24/07/2024,1282.8,LONG,100%,1275.8,1296.8,LOSS,-7.0
266,TRAIN (Gốc),14:15 24/07/2024,1285.3,LONG,100%,1278.3,1299.3,LOSS,-7.0
267,TRAIN (Gốc),14:00 25/07/2024,1273.2,SHORT,100%,1280.2,1259.2,LOSS,-7.0
268,TRAIN (Gốc),10:15 26/07/2024,1277.9,LONG,100%,1270.9,1291.9,WIN,14.0
269,TRAIN (Gốc),14:05 26/07/2024,1281.0,LONG,100%,1274.0,1295.0,WIN,6.2
270,TRAIN (Gốc),13:35 29/07/2024,1291.9,LONG,100%,1284.9,1305.9,LOSS,-7.0
271,TRAIN (Gốc),13:40 30/07/2024,1287.3,SHORT,100%,1294.3,1273.3,LOSS,-7.0
272,TRAIN (Gốc),13:50 31/07/2024,1298.6,SHORT,100%,1305.6,1284.6,LOSS,-7.0
273,TRAIN (Gốc),10:00 01/08/2024,1301.3,SHORT,100%,1308.3,1287.3,WIN,14.0
274,TRAIN (Gốc),10:40 02/08/2024,1264.0,SHORT,100%,1271.0,1250.0,BE,0.0
275,TRAIN (Gốc),13:20 02/08/2024,1261.2,SHORT,100%,1268.2,1247.2,LOSS,-7.0
276,TRAIN (Gốc),10:10 06/08/2024,1238.8,SHORT,100%,1245.8,1224.8,LOSS,-7.0
277,TRAIN (Gốc),09:00 07/08/2024,1251.5,LONG,100%,1244.5,1265.5,LOSS,-7.0
278,TRAIN (Gốc),13:05 07/08/2024,1249.9,LONG,100%,1242.9,1263.9,LOSS,-7.0
279,TRAIN (Gốc),14:45 07/08/2024,1250.0,SHORT,100%,1257.0,1236.0,WIN,1.1
280,TRAIN (Gốc),13:10 08/08/2024,1247.1,SHORT,100%,1254.1,1233.1,WIN,2.0
281,TRAIN (Gốc),09:00 09/08/2024,1248.5,LONG,100%,1241.5,1262.5,WIN,14.0
282,TRAIN (Gốc),13:05 09/08/2024,1252.0,LONG,100%,1245.0,1266.0,WIN,14.0
283,TRAIN (Gốc),13:10 12/08/2024,1262.7,SHORT,100%,1269.7,1248.7,LOSS,-7.0
284,TRAIN (Gốc),10:30 13/08/2024,1267.0,SHORT,100%,1274.0,1253.0,LOSS,-7.0
285,TRAIN (Gốc),13:25 13/08/2024,1268.8,LONG,100%,1261.8,1282.8,WIN,14.0
286,TRAIN (Gốc),13:15 14/08/2024,1271.9,LONG,100%,1264.9,1285.9,WIN,14.0
287,TRAIN (Gốc),09:00 19/08/2024,1289.3,LONG,100%,1282.3,1303.3,WIN,14.0
288,TRAIN (Gốc),13:05 20/08/2024,1303.8,LONG,100%,1296.8,1317.8,OPEN,0.0
289,TRAIN (Gốc),14:20 20/08/2024,1303.7,SHORT,100%,1310.7,1289.7,LOSS,-7.0
290,TRAIN (Gốc),10:25 21/08/2024,1299.6,SHORT,100%,1306.6,1285.6,LOSS,-7.0
291,TRAIN (Gốc),10:55 22/08/2024,1314.7,LONG,100%,1307.7,1328.7,OPEN,0.0
292,TRAIN (Gốc),13:55 22/08/2024,1314.0,LONG,100%,1307.0,1328.0,OPEN,0.0
293,TRAIN (Gốc),10:25 23/08/2024,1312.8,LONG,100%,1305.8,1326.8,OPEN,0.0
294,TRAIN (Gốc),13:05 23/08/2024,1312.5,LONG,100%,1305.5,1326.5,WIN,3.0
295,TRAIN (Gốc),09:00 26/08/2024,1319.9,LONG,100%,1312.9,1333.9,OPEN,0.0
296,TRAIN (Gốc),13:30 26/08/2024,1320.0,SHORT,100%,1327.0,1306.0,OPEN,0.0
297,TRAIN (Gốc),10:40 27/08/2024,1317.3,SHORT,100%,1324.3,1303.3,LOSS,-7.0
298,TRAIN (Gốc),10:35 28/08/2024,1322.5,LONG,100%,1315.5,1336.5,OPEN,0.0
299,TRAIN (Gốc),13:25 28/08/2024,1321.6,LONG,100%,1314.6,1335.6,OPEN,0.0
300,TRAIN (Gốc),13:35 29/08/2024,1328.5,LONG,100%,1321.5,1342.5,LOSS,-7.0
301,TRAIN (Gốc),10:10 30/08/2024,1330.2,LONG,100%,1323.2,1344.2,LOSS,-7.0
302,TRAIN (Gốc),11:25 30/08/2024,1330.6,LONG,100%,1323.6,1344.6,LOSS,-7.0
303,TRAIN (Gốc),14:25 30/08/2024,1332.3,SHORT,100%,1339.3,1318.3,WIN,14.0
304,TRAIN (Gốc),13:40 04/09/2024,1310.2,SHORT,100%,1317.2,1296.2,LOSS,-7.0
305,TRAIN (Gốc),13:20 06/09/2024,1309.3,LONG,100%,1302.3,1323.3,LOSS,-7.0
306,TRAIN (Gốc),14:45 06/09/2024,1309.0,SHORT,100%,1316.0,1295.0,WIN,3.4
307,TRAIN (Gốc),13:40 09/09/2024,1303.1,SHORT,100%,1310.1,1289.1,LOSS,-7.0
308,TRAIN (Gốc),14:25 11/09/2024,1292.4,SHORT,100%,1299.4,1278.4,LOSS,-7.0
309,TRAIN (Gốc),11:10 12/09/2024,1298.8,SHORT,100%,1305.8,1284.8,OPEN,0.0
310,TRAIN (Gốc),14:20 12/09/2024,1299.5,SHORT,100%,1306.5,1285.5,OPEN,0.0
311,TRAIN (Gốc),13:15 13/09/2024,1295.7,SHORT,100%,1302.7,1281.7,OPEN,0.0
312,TRAIN (Gốc),10:20 16/09/2024,1294.8,SHORT,100%,1301.8,1280.8,WIN,5.0
313,TRAIN (Gốc),11:10 17/09/2024,1284.8,LONG,100%,1277.8,1298.8,WIN,14.0
314,TRAIN (Gốc),13:10 23/09/2024,1326.6,SHORT,100%,1333.6,1312.6,LOSS,-7.0
315,TRAIN (Gốc),10:25 24/09/2024,1327.1,LONG,100%,1320.1,1341.1,WIN,14.0
316,TRAIN (Gốc),09:00 26/09/2024,1346.4,LONG,100%,1339.4,1360.4,WIN,14.0
317,TRAIN (Gốc),14:20 26/09/2024,1357.8,SHORT,100%,1364.8,1343.8,OPEN,0.0
318,TRAIN (Gốc),09:55 27/09/2024,1359.3,SHORT,100%,1366.3,1345.3,WIN,2.5
319,TRAIN (Gốc),11:10 27/09/2024,1357.4,SHORT,100%,1364.4,1343.4,BE,0.0
320,TRAIN (Gốc),11:15 30/09/2024,1353.1,SHORT,100%,1360.1,1339.1,LOSS,-7.0
321,TRAIN (Gốc),13:55 30/09/2024,1353.0,SHORT,100%,1360.0,1339.0,LOSS,-7.0
322,TRAIN (Gốc),13:00 02/10/2024,1357.7,SHORT,100%,1364.7,1343.7,LOSS,-7.0
323,TRAIN (Gốc),13:05 04/10/2024,1348.4,SHORT,100%,1355.4,1334.4,WIN,14.0
324,TRAIN (Gốc),11:15 07/10/2024,1344.3,LONG,100%,1337.3,1358.3,LOSS,-7.0
325,TRAIN (Gốc),14:45 07/10/2024,1340.0,LONG,100%,1333.0,1354.0,WIN,1.8
326,TRAIN (Gốc),10:55 08/10/2024,1339.9,LONG,100%,1332.9,1353.9,WIN,1.9
327,TRAIN (Gốc),10:35 09/10/2024,1344.7,SHORT,100%,1351.7,1330.7,LOSS,-7.0
328,TRAIN (Gốc),13:10 10/10/2024,1369.5,LONG,100%,1362.5,1383.5,LOSS,-7.0
329,TRAIN (Gốc),10:55 11/10/2024,1365.2,SHORT,100%,1372.2,1351.2,LOSS,-7.0
330,TRAIN (Gốc),09:55 14/10/2024,1367.9,SHORT,100%,1374.9,1353.9,WIN,2.4
331,TRAIN (Gốc),13:00 14/10/2024,1367.8,LONG,100%,1360.8,1381.8,LOSS,-7.0
332,TRAIN (Gốc),10:30 15/10/2024,1364.2,SHORT,100%,1371.2,1350.2,WIN,5.0
333,TRAIN (Gốc),13:20 15/10/2024,1364.1,LONG,100%,1357.1,1378.1,LOSS,-7.0
334,TRAIN (Gốc),13:05 16/10/2024,1356.1,SHORT,100%,1363.1,1342.1,LOSS,-7.0
335,TRAIN (Gốc),14:25 16/10/2024,1356.5,LONG,100%,1349.5,1370.5,WIN,14.0
336,TRAIN (Gốc),14:20 18/10/2024,1368.7,SHORT,100%,1375.7,1354.7,OPEN,0.0
337,TRAIN (Gốc),10:20 21/10/2024,1364.4,SHORT,100%,1371.4,1350.4,WIN,14.0
338,TRAIN (Gốc),13:40 21/10/2024,1366.1,SHORT,100%,1373.1,1352.1,WIN,14.0
339,TRAIN (Gốc),13:10 22/10/2024,1359.6,SHORT,100%,1366.6,1345.6,WIN,14.0
340,TRAIN (Gốc),14:10 23/10/2024,1351.5,LONG,100%,1344.5,1365.5,LOSS,-7.0
341,TRAIN (Gốc),14:00 24/10/2024,1349.0,LONG,100%,1342.0,1363.0,LOSS,-7.0
342,TRAIN (Gốc),13:10 25/10/2024,1335.1,SHORT,100%,1342.1,1321.1,WIN,1.1
343,TRAIN (Gốc),13:55 28/10/2024,1329.9,SHORT,100%,1336.9,1315.9,LOSS,-7.0
344,TRAIN (Gốc),13:45 29/10/2024,1337.6,LONG,100%,1330.6,1351.6,OPEN,0.0
345,TRAIN (Gốc),13:20 30/10/2024,1336.9,LONG,100%,1329.9,1350.9,WIN,3.9
346,TRAIN (Gốc),09:00 01/11/2024,1337.8,SHORT,100%,1344.8,1323.8,WIN,14.0
347,TRAIN (Gốc),10:20 01/11/2024,1339.5,LONG,100%,1332.5,1353.5,LOSS,-7.0
348,TRAIN (Gốc),13:25 01/11/2024,1337.6,LONG,100%,1330.6,1351.6,LOSS,-7.0
349,TRAIN (Gốc),13:20 04/11/2024,1321.2,SHORT,100%,1328.2,1307.2,LOSS,-7.0
350,TRAIN (Gốc),10:50 05/11/2024,1318.7,SHORT,100%,1325.7,1304.7,LOSS,-7.0
351,TRAIN (Gốc),14:00 05/11/2024,1320.0,SHORT,100%,1327.0,1306.0,LOSS,-7.0
352,TRAIN (Gốc),10:35 06/11/2024,1325.0,SHORT,100%,1332.0,1311.0,LOSS,-7.0
353,TRAIN (Gốc),10:35 07/11/2024,1339.3,LONG,100%,1332.3,1353.3,LOSS,-7.0
354,TRAIN (Gốc),13:35 07/11/2024,1338.4,SHORT,100%,1345.4,1324.4,WIN,14.0
355,TRAIN (Gốc),09:40 08/11/2024,1337.3,SHORT,100%,1344.3,1323.3,WIN,14.0
356,TRAIN (Gốc),10:10 12/11/2024,1318.0,SHORT,100%,1325.0,1304.0,WIN,14.0
357,TRAIN (Gốc),13:25 13/11/2024,1300.7,SHORT,100%,1307.7,1286.7,LOSS,-7.0
358,TRAIN (Gốc),10:10 14/11/2024,1308.9,LONG,100%,1301.9,1322.9,LOSS,-7.0
359,TRAIN (Gốc),13:10 14/11/2024,1305.5,LONG,100%,1298.5,1319.5,LOSS,-7.0
360,TRAIN (Gốc),13:15 15/11/2024,1281.6,SHORT,100%,1288.6,1267.6,WIN,14.0
361,TRAIN (Gốc),13:30 19/11/2024,1266.7,SHORT,100%,1273.7,1252.7,WIN,6.2
362,TRAIN (Gốc),10:00 20/11/2024,1261.2,LONG,100%,1254.2,1275.2,WIN,14.0
363,TRAIN (Gốc),10:55 22/11/2024,1295.7,LONG,100%,1288.7,1309.7,WIN,14.0
364,TRAIN (Gốc),13:45 22/11/2024,1295.0,SHORT,100%,1302.0,1281.0,LOSS,-7.0
365,TRAIN (Gốc),09:40 25/11/2024,1295.9,SHORT,100%,1302.9,1281.9,LOSS,-7.0
366,TRAIN (Gốc),11:20 25/11/2024,1297.0,SHORT,100%,1304.0,1283.0,LOSS,-7.0
367,TRAIN (Gốc),14:00 25/11/2024,1297.3,SHORT,100%,1304.3,1283.3,LOSS,-7.0
368,TRAIN (Gốc),13:25 26/11/2024,1310.2,LONG,100%,1303.2,1324.2,WIN,1.5
369,TRAIN (Gốc),09:40 27/11/2024,1307.6,LONG,100%,1300.6,1321.6,WIN,4.1
370,TRAIN (Gốc),11:25 27/11/2024,1307.1,LONG,100%,1300.1,1321.1,WIN,4.6
371,TRAIN (Gốc),14:15 27/11/2024,1307.0,SHORT,100%,1314.0,1293.0,LOSS,-7.0
372,TRAIN (Gốc),13:50 28/11/2024,1309.3,SHORT,100%,1316.3,1295.3,LOSS,-7.0
373,TRAIN (Gốc),09:45 29/11/2024,1307.6,LONG,100%,1300.6,1321.6,WIN,14.0
374,TRAIN (Gốc),09:45 02/12/2024,1319.0,LONG,100%,1312.0,1333.0,LOSS,-7.0
375,TRAIN (Gốc),09:35 03/12/2024,1312.0,SHORT,100%,1319.0,1298.0,WIN,2.2
376,TRAIN (Gốc),10:55 03/12/2024,1311.0,LONG,100%,1304.0,1325.0,BE,0.0
377,TRAIN (Gốc),13:50 03/12/2024,1313.5,SHORT,100%,1320.5,1299.5,WIN,3.7
378,TRAIN (Gốc),10:45 04/12/2024,1308.4,LONG,100%,1301.4,1322.4,WIN,14.0
379,TRAIN (Gốc),13:40 04/12/2024,1308.7,LONG,100%,1301.7,1322.7,WIN,14.0
380,TRAIN (Gốc),09:30 05/12/2024,1306.3,LONG,100%,1299.3,1320.3,WIN,14.0
381,TRAIN (Gốc),13:40 06/12/2024,1345.6,LONG,100%,1338.6,1359.6,LOSS,-7.0
382,TRAIN (Gốc),10:55 09/12/2024,1338.8,LONG,100%,1331.8,1352.8,WIN,5.5
383,TRAIN (Gốc),13:45 09/12/2024,1340.8,LONG,100%,1333.8,1354.8,WIN,3.5
384,TRAIN (Gốc),09:20 10/12/2024,1343.3,LONG,100%,1336.3,1357.3,LOSS,-7.0
385,TRAIN (Gốc),10:35 10/12/2024,1340.8,SHORT,100%,1347.8,1326.8,BE,0.0
386,TRAIN (Gốc),13:45 10/12/2024,1341.9,SHORT,100%,1348.9,1327.9,WIN,1.7
387,TRAIN (Gốc),10:50 11/12/2024,1345.4,LONG,100%,1338.4,1359.4,LOSS,-7.0
388,TRAIN (Gốc),13:20 12/12/2024,1345.9,SHORT,100%,1352.9,1331.9,WIN,14.0
389,TRAIN (Gốc),10:15 13/12/2024,1337.4,LONG,100%,1330.4,1351.4,LOSS,-7.0
390,TRAIN (Gốc),13:55 13/12/2024,1334.4,SHORT,100%,1341.4,1320.4,OPEN,0.0
391,TRAIN (Gốc),09:30 16/12/2024,1336.6,LONG,100%,1329.6,1350.6,LOSS,-7.0
392,TRAIN (Gốc),10:30 17/12/2024,1332.8,LONG,100%,1325.8,1346.8,LOSS,-7.0
393,TRAIN (Gốc),14:15 17/12/2024,1328.0,SHORT,100%,1335.0,1314.0,LOSS,-7.0
394,TRAIN (Gốc),13:15 18/12/2024,1330.6,SHORT,100%,1337.6,1316.6,WIN,14.0
395,TRAIN (Gốc),13:20 20/12/2024,1316.7,SHORT,100%,1323.7,1302.7,LOSS,-7.0
396,TRAIN (Gốc),11:15 23/12/2024,1328.7,LONG,100%,1321.7,1342.7,LOSS,-7.0
397,TRAIN (Gốc),13:55 23/12/2024,1327.8,SHORT,100%,1334.8,1313.8,LOSS,-7.0
398,TRAIN (Gốc),10:40 24/12/2024,1324.0,SHORT,100%,1331.0,1310.0,LOSS,-7.0
399,TRAIN (Gốc),14:45 24/12/2024,1328.0,LONG,100%,1321.0,1342.0,WIN,14.0
400,TRAIN (Gốc),14:15 25/12/2024,1353.0,LONG,100%,1346.0,1367.0,OPEN,0.0
401,TRAIN (Gốc),10:30 26/12/2024,1349.4,LONG,100%,1342.4,1363.4,WIN,1.1
402,TRAIN (Gốc),13:15 26/12/2024,1349.3,LONG,100%,1342.3,1363.3,WIN,1.2
403,TRAIN (Gốc),10:30 27/12/2024,1353.3,LONG,100%,1346.3,1367.3,LOSS,-7.0
404,TRAIN (Gốc),14:45 27/12/2024,1348.5,SHORT,100%,1355.5,1334.5,OPEN,0.0
405,TRAIN (Gốc),10:40 30/12/2024,1345.0,SHORT,100%,1352.0,1331.0,LOSS,-7.0
406,TRAIN (Gốc),13:40 30/12/2024,1345.8,SHORT,100%,1352.8,1331.8,OPEN,0.0
407,TRAIN (Gốc),11:05 31/12/2024,1348.7,SHORT,100%,1355.7,1334.7,WIN,5.1
408,TRAIN (Gốc),14:15 31/12/2024,1345.5,SHORT,100%,1352.5,1331.5,WIN,1.9
409,TRAIN (Gốc),09:15 03/01/2025,1339.0,SHORT,100%,1346.0,1325.0,WIN,14.0
410,TRAIN (Gốc),09:45 06/01/2025,1329.2,LONG,100%,1322.2,1343.2,LOSS,-7.0
411,TRAIN (Gốc),13:25 06/01/2025,1327.6,LONG,100%,1320.6,1341.6,LOSS,-7.0
412,TRAIN (Gốc),10:30 07/01/2025,1324.1,LONG,100%,1317.1,1338.1,LOSS,-7.0
413,TRAIN (Gốc),09:35 09/01/2025,1321.0,LONG,100%,1314.0,1335.0,LOSS,-7.0
414,TRAIN (Gốc),10:25 10/01/2025,1314.8,SHORT,100%,1321.8,1300.8,WIN,14.0
415,TRAIN (Gốc),14:05 10/01/2025,1308.2,SHORT,100%,1315.2,1294.2,WIN,14.0
416,TRAIN (Gốc),10:45 13/01/2025,1290.0,SHORT,100%,1297.0,1276.0,LOSS,-7.0
417,TRAIN (Gốc),13:00 14/01/2025,1294.7,LONG,100%,1287.7,1308.7,LOSS,-7.0
418,TRAIN (Gốc),10:10 15/01/2025,1293.9,SHORT,100%,1300.9,1279.9,LOSS,-7.0
419,TRAIN (Gốc),13:15 15/01/2025,1297.4,SHORT,100%,1304.4,1283.4,LOSS,-7.0
420,TRAIN (Gốc),09:05 17/01/2025,1312.2,LONG,100%,1305.2,1326.2,WIN,14.0
421,TRAIN (Gốc),10:55 17/01/2025,1309.0,LONG,100%,1302.0,1323.0,WIN,14.0
422,TRAIN (Gốc),14:15 20/01/2025,1324.6,LONG,100%,1317.6,1338.6,WIN,1.6
423,TRAIN (Gốc),10:40 22/01/2025,1327.6,LONG,100%,1320.6,1341.6,LOSS,-7.0
424,TRAIN (Gốc),13:45 22/01/2025,1324.2,LONG,100%,1317.2,1338.2,WIN,14.0
425,TRAIN (Gốc),14:45 23/01/2025,1339.0,SHORT,100%,1346.0,1325.0,LOSS,-7.0
426,TRAIN (Gốc),14:25 24/01/2025,1342.0,SHORT,100%,1349.0,1328.0,WIN,14.0
427,TRAIN (Gốc),13:20 03/02/2025,1319.0,SHORT,100%,1326.0,1305.0,LOSS,-7.0
428,TRAIN (Gốc),09:00 04/02/2025,1325.5,LONG,100%,1318.5,1339.5,WIN,4.9
429,TRAIN (Gốc),11:00 04/02/2025,1325.0,LONG,100%,1318.0,1339.0,WIN,5.4
430,TRAIN (Gốc),13:50 05/02/2025,1333.4,LONG,100%,1326.4,1347.4,WIN,3.9
431,TRAIN (Gốc),11:05 06/02/2025,1342.0,LONG,100%,1335.0,1356.0,LOSS,-7.0
432,TRAIN (Gốc),13:55 06/02/2025,1340.9,LONG,100%,1333.9,1354.9,LOSS,-7.0
433,TRAIN (Gốc),10:00 07/02/2025,1339.2,LONG,100%,1332.2,1353.2,WIN,1.2
434,TRAIN (Gốc),13:05 07/02/2025,1339.0,SHORT,100%,1346.0,1325.0,LOSS,-7.0
435,TRAIN (Gốc),09:00 10/02/2025,1332.0,SHORT,100%,1339.0,1318.0,OPEN,0.0
436,TRAIN (Gốc),13:50 10/02/2025,1332.6,SHORT,100%,1339.6,1318.6,LOSS,-7.0
437,TRAIN (Gốc),10:40 11/02/2025,1330.4,SHORT,100%,1337.4,1316.4,LOSS,-7.0
438,TRAIN (Gốc),13:20 11/02/2025,1331.3,LONG,100%,1324.3,1345.3,WIN,2.9
439,TRAIN (Gốc),11:25 12/02/2025,1339.7,LONG,100%,1332.7,1353.7,LOSS,-7.0
440,TRAIN (Gốc),14:10 13/02/2025,1333.8,SHORT,100%,1340.8,1319.8,LOSS,-7.0
441,TRAIN (Gốc),10:40 14/02/2025,1347.6,LONG,100%,1340.6,1361.6,LOSS,-7.0
442,TRAIN (Gốc),13:25 17/02/2025,1340.5,SHORT,100%,1347.5,1326.5,WIN,1.3
443,TRAIN (Gốc),11:20 18/02/2025,1340.9,SHORT,100%,1347.9,1326.9,LOSS,-7.0
444,TRAIN (Gốc),09:35 19/02/2025,1337.2,SHORT,100%,1344.2,1323.2,LOSS,-7.0
445,TRAIN (Gốc),13:45 19/02/2025,1342.7,SHORT,100%,1349.7,1328.7,LOSS,-7.0
446,TRAIN (Gốc),11:15 21/02/2025,1350.8,LONG,100%,1343.8,1364.8,WIN,14.0
447,TRAIN (Gốc),14:00 21/02/2025,1349.9,SHORT,100%,1356.9,1335.9,LOSS,-7.0
448,TRAIN (Gốc),11:15 24/02/2025,1354.8,SHORT,100%,1361.8,1340.8,LOSS,-7.0
449,TRAIN (Gốc),14:00 24/02/2025,1356.2,LONG,100%,1349.2,1370.2,WIN,3.6
450,TRAIN (Gốc),13:40 25/02/2025,1362.5,LONG,100%,1355.5,1376.5,LOSS,-7.0
451,TRAIN (Gốc),10:20 26/02/2025,1362.1,SHORT,100%,1369.1,1348.1,WIN,4.0
452,TRAIN (Gốc),13:10 26/02/2025,1361.7,LONG,100%,1354.7,1375.7,LOSS,-7.0
453,TRAIN (Gốc),10:30 27/02/2025,1361.7,SHORT,100%,1368.7,1347.7,WIN,3.6
454,TRAIN (Gốc),14:05 27/02/2025,1356.6,LONG,100%,1349.6,1370.6,BE,0.0
455,TRAIN (Gốc),13:00 28/02/2025,1351.3,SHORT,100%,1358.3,1337.3,LOSS,-7.0
456,TRAIN (Gốc),14:15 28/02/2025,1354.7,LONG,100%,1347.7,1368.7,WIN,3.9
457,TRAIN (Gốc),11:20 03/03/2025,1360.2,LONG,100%,1353.2,1374.2,LOSS,-7.0
458,TRAIN (Gốc),14:25 03/03/2025,1361.2,SHORT,100%,1368.2,1347.2,WIN,2.7
459,TRAIN (Gốc),11:25 05/03/2025,1370.0,LONG,100%,1363.0,1384.0,OPEN,0.0
460,TRAIN (Gốc),13:15 06/03/2025,1371.7,SHORT,100%,1378.7,1357.7,LOSS,-7.0
461,TRAIN (Gốc),10:10 07/03/2025,1375.4,LONG,100%,1368.4,1389.4,WIN,14.0
462,TRAIN (Gốc),13:20 07/03/2025,1379.3,LONG,100%,1372.3,1393.3,WIN,14.0
463,TRAIN (Gốc),10:20 10/03/2025,1391.1,LONG,100%,1384.1,1405.1,LOSS,-7.0
464,TRAIN (Gốc),13:25 10/03/2025,1391.2,LONG,100%,1384.2,1405.2,LOSS,-7.0
465,TRAIN (Gốc),13:05 12/03/2025,1389.6,SHORT,100%,1396.6,1375.6,BE,0.0
466,TRAIN (Gốc),10:55 13/03/2025,1388.0,SHORT,100%,1395.0,1374.0,OPEN,0.0
467,TRAIN (Gốc),13:35 13/03/2025,1389.8,LONG,100%,1382.8,1403.8,LOSS,-7.0
468,TRAIN (Gốc),13:00 14/03/2025,1390.0,LONG,100%,1383.0,1404.0,OPEN,0.0
469,TRAIN (Gốc),10:40 17/03/2025,1388.7,SHORT,100%,1395.7,1374.7,OPEN,0.0
470,TRAIN (Gốc),13:20 17/03/2025,1389.4,LONG,100%,1382.4,1403.4,LOSS,-7.0
471,TRAIN (Gốc),13:40 18/03/2025,1391.2,LONG,100%,1384.2,1405.2,LOSS,-7.0
472,TRAIN (Gốc),13:45 19/03/2025,1378.6,SHORT,100%,1385.6,1364.6,WIN,1.4
473,TRAIN (Gốc),14:10 21/03/2025,1373.6,SHORT,100%,1380.6,1359.6,LOSS,-7.0
474,TRAIN (Gốc),09:55 24/03/2025,1374.4,SHORT,100%,1381.4,1360.4,LOSS,-7.0
475,TRAIN (Gốc),13:15 25/03/2025,1388.5,LONG,100%,1381.5,1402.5,LOSS,-7.0
476,TRAIN (Gốc),13:50 26/03/2025,1382.6,SHORT,100%,1389.6,1368.6,WIN,14.0
477,TRAIN (Gốc),10:35 27/03/2025,1377.8,LONG,100%,1370.8,1391.8,LOSS,-7.0
478,TRAIN (Gốc),13:15 27/03/2025,1376.7,SHORT,100%,1383.7,1362.7,WIN,14.0
479,TRAIN (Gốc),13:15 28/03/2025,1369.5,SHORT,100%,1376.5,1355.5,WIN,14.0
480,TRAIN (Gốc),14:45 28/03/2025,1365.1,SHORT,100%,1372.1,1351.1,WIN,3.0
481,TRAIN (Gốc),10:40 31/03/2025,1358.4,SHORT,100%,1365.4,1344.4,LOSS,-7.0
482,TRAIN (Gốc),13:25 31/03/2025,1357.5,SHORT,100%,1364.5,1343.5,LOSS,-7.0
483,TRAIN (Gốc),10:40 01/04/2025,1364.2,LONG,100%,1357.2,1378.2,WIN,3.6
484,TRAIN (Gốc),14:25 01/04/2025,1367.4,LONG,100%,1360.4,1381.4,BE,0.0
485,TRAIN (Gốc),11:00 02/04/2025,1371.8,LONG,100%,1364.8,1385.8,LOSS,-7.0
486,TRAIN (Gốc),14:25 02/04/2025,1370.9,SHORT,100%,1377.9,1356.9,WIN,14.0
487,TRAIN (Gốc),10:05 04/04/2025,1259.0,LONG,100%,1252.0,1273.0,LOSS,-7.0
488,TRAIN (Gốc),13:15 04/04/2025,1248.7,LONG,100%,1241.7,1262.7,WIN,4.2
489,TRAIN (Gốc),09:05 08/04/2025,1232.8,SHORT,100%,1239.8,1218.8,WIN,14.0
490,TRAIN (Gốc),13:20 08/04/2025,1187.2,SHORT,100%,1194.2,1173.2,LOSS,-7.0
491,TRAIN (Gốc),09:45 09/04/2025,1176.2,LONG,100%,1169.2,1190.2,WIN,14.0
492,TRAIN (Gốc),11:25 09/04/2025,1161.8,SHORT,100%,1168.8,1147.8,LOSS,-7.0
493,TRAIN (Gốc),09:05 11/04/2025,1274.0,LONG,100%,1267.0,1288.0,LOSS,-7.0
494,TRAIN (Gốc),13:05 14/04/2025,1314.0,LONG,100%,1307.0,1328.0,LOSS,-7.0
495,TRAIN (Gốc),09:00 15/04/2025,1304.8,SHORT,100%,1311.8,1290.8,LOSS,-7.0
496,TRAIN (Gốc),10:55 15/04/2025,1307.5,SHORT,100%,1314.5,1293.5,BE,0.0
497,TRAIN (Gốc),13:35 15/04/2025,1308.0,LONG,100%,1301.0,1322.0,LOSS,-7.0
498,TRAIN (Gốc),09:15 16/04/2025,1308.2,LONG,100%,1301.2,1322.2,LOSS,-7.0
499,TRAIN (Gốc),10:50 18/04/2025,1308.8,LONG,100%,1301.8,1322.8,WIN,3.0
500,TRAIN (Gốc),13:15 21/04/2025,1290.3,SHORT,100%,1297.3,1276.3,WIN,14.0
501,TRAIN (Gốc),09:00 22/04/2025,1283.1,SHORT,100%,1290.1,1269.1,WIN,14.0
502,TRAIN (Gốc),09:00 24/04/2025,1302.5,SHORT,100%,1309.5,1288.5,LOSS,-7.0
503,TRAIN (Gốc),13:05 24/04/2025,1302.1,LONG,100%,1295.1,1316.1,WIN,5.7
504,TRAIN (Gốc),14:00 25/04/2025,1307.5,SHORT,100%,1314.5,1293.5,LOSS,-7.0
505,TRAIN (Gốc),14:05 28/04/2025,1309.0,SHORT,100%,1316.0,1295.0,LOSS,-7.0
506,TRAIN (Gốc),11:15 29/04/2025,1309.2,LONG,100%,1302.2,1323.2,WIN,14.0
507,TRAIN (Gốc),14:25 29/04/2025,1309.3,SHORT,100%,1316.3,1295.3,LOSS,-7.0
508,TRAIN (Gốc),10:50 05/05/2025,1310.0,LONG,100%,1303.0,1324.0,WIN,14.0
509,TRAIN (Gốc),14:00 06/05/2025,1323.6,SHORT,100%,1330.6,1309.6,BE,0.0
510,TRAIN (Gốc),09:45 07/05/2025,1321.7,LONG,100%,1314.7,1335.7,WIN,14.0
511,TRAIN (Gốc),13:00 07/05/2025,1320.9,LONG,100%,1313.9,1334.9,WIN,14.0
512,TRAIN (Gốc),10:35 09/05/2025,1351.7,LONG,100%,1344.7,1365.7,WIN,14.0
513,TRAIN (Gốc),13:35 09/05/2025,1349.9,SHORT,100%,1356.9,1335.9,LOSS,-7.0
514,TRAIN (Gốc),10:20 12/05/2025,1357.3,SHORT,100%,1364.3,1343.3,LOSS,-7.0
515,TRAIN (Gốc),13:20 13/05/2025,1377.4,LONG,100%,1370.4,1391.4,WIN,14.0
516,TRAIN (Gốc),13:30 14/05/2025,1389.8,SHORT,100%,1396.8,1375.8,LOSS,-7.0
517,TRAIN (Gốc),10:25 16/05/2025,1395.0,LONG,100%,1388.0,1409.0,LOSS,-7.0
518,TRAIN (Gốc),14:15 16/05/2025,1386.2,SHORT,100%,1393.2,1372.2,WIN,6.1
519,TRAIN (Gốc),09:20 20/05/2025,1387.4,LONG,100%,1380.4,1401.4,WIN,14.0
520,TRAIN (Gốc),10:10 21/05/2025,1411.3,SHORT,100%,1418.3,1397.3,WIN,3.0
521,TRAIN (Gốc),14:10 21/05/2025,1413.6,LONG,100%,1406.6,1427.6,LOSS,-7.0
522,TRAIN (Gốc),11:00 23/05/2025,1405.3,SHORT,100%,1412.3,1391.3,WIN,14.0
523,TRAIN (Gốc),13:45 23/05/2025,1404.8,SHORT,100%,1411.8,1390.8,WIN,14.0
524,TRAIN (Gốc),09:25 26/05/2025,1400.4,SHORT,100%,1407.4,1386.4,WIN,14.0
525,TRAIN (Gốc),10:55 27/05/2025,1413.8,LONG,100%,1406.8,1427.8,WIN,14.0
526,TRAIN (Gốc),14:10 27/05/2025,1412.0,SHORT,100%,1419.0,1398.0,LOSS,-7.0
527,TRAIN (Gốc),13:30 28/05/2025,1426.6,LONG,100%,1419.6,1440.6,LOSS,-7.0
528,TRAIN (Gốc),11:00 29/05/2025,1426.1,SHORT,100%,1433.1,1412.1,WIN,2.1
529,TRAIN (Gốc),14:20 29/05/2025,1421.2,SHORT,100%,1428.2,1407.2,WIN,5.6
530,TRAIN (Gốc),14:10 30/05/2025,1417.8,SHORT,100%,1424.8,1403.8,WIN,2.2
531,TRAIN (Gốc),13:50 02/06/2025,1412.8,LONG,100%,1405.8,1426.8,WIN,14.0
532,TRAIN (Gốc),10:25 04/06/2025,1434.2,LONG,100%,1427.2,1448.2,LOSS,-7.0
533,TRAIN (Gốc),13:40 04/06/2025,1433.9,SHORT,100%,1440.9,1419.9,WIN,14.0
534,TRAIN (Gốc),13:25 05/06/2025,1427.7,SHORT,100%,1434.7,1413.7,WIN,14.0
535,TRAIN (Gốc),13:20 06/06/2025,1415.0,SHORT,100%,1422.0,1401.0,WIN,14.0
536,TRAIN (Gốc),09:00 09/06/2025,1415.9,LONG,100%,1408.9,1429.9,LOSS,-7.0
537,TRAIN (Gốc),13:50 09/06/2025,1407.7,SHORT,100%,1414.7,1393.7,WIN,14.0
538,TRAIN (Gốc),09:55 10/06/2025,1402.8,LONG,100%,1395.8,1416.8,WIN,1.5
539,TRAIN (Gốc),13:50 10/06/2025,1405.6,SHORT,100%,1412.6,1391.6,WIN,5.0
540,TRAIN (Gốc),10:30 11/06/2025,1399.8,LONG,100%,1392.8,1413.8,WIN,14.0
541,TRAIN (Gốc),13:25 11/06/2025,1399.7,SHORT,100%,1406.7,1385.7,LOSS,-7.0
542,TRAIN (Gốc),11:05 12/06/2025,1415.5,LONG,100%,1408.5,1429.5,LOSS,-7.0
543,TRAIN (Gốc),11:05 13/06/2025,1396.4,SHORT,100%,1403.4,1382.4,WIN,14.0
544,TRAIN (Gốc),11:05 16/06/2025,1403.1,LONG,100%,1396.1,1417.1,WIN,14.0
545,TRAIN (Gốc),11:15 17/06/2025,1423.5,LONG,100%,1416.5,1437.5,WIN,3.0
546,TRAIN (Gốc),14:00 17/06/2025,1419.7,SHORT,100%,1426.7,1405.7,LOSS,-7.0
547,TRAIN (Gốc),14:00 18/06/2025,1427.6,LONG,100%,1420.6,1441.6,LOSS,-7.0
548,TRAIN (Gốc),13:25 20/06/2025,1427.7,LONG,100%,1420.7,1441.7,LOSS,-7.0
549,TRAIN (Gốc),13:00 23/06/2025,1421.0,LONG,100%,1414.0,1435.0,WIN,14.0
550,TRAIN (Gốc),10:25 25/06/2025,1451.8,LONG,100%,1444.8,1465.8,OPEN,0.0
551,TRAIN (Gốc),13:50 25/06/2025,1452.5,SHORT,100%,1459.5,1438.5,LOSS,-7.0
552,TRAIN (Gốc),10:05 26/06/2025,1451.0,SHORT,100%,1458.0,1437.0,LOSS,-7.0
553,TRAIN (Gốc),14:00 26/06/2025,1450.6,SHORT,100%,1457.6,1436.6,LOSS,-7.0
554,TRAIN (Gốc),09:45 27/06/2025,1451.7,SHORT,100%,1458.7,1437.7,LOSS,-7.0
555,TRAIN (Gốc),13:55 30/06/2025,1465.6,LONG,100%,1458.6,1479.6,LOSS,-7.0
556,TRAIN (Gốc),10:30 01/07/2025,1465.0,SHORT,100%,1472.0,1451.0,WIN,1.7
557,TRAIN (Gốc),14:00 01/07/2025,1459.6,SHORT,100%,1466.6,1445.6,LOSS,-7.0
558,TRAIN (Gốc),09:55 02/07/2025,1459.5,SHORT,100%,1466.5,1445.5,LOSS,-7.0
559,TRAIN (Gốc),09:00 03/07/2025,1461.6,SHORT,100%,1468.6,1447.6,LOSS,-7.0
560,TRAIN (Gốc),13:45 03/07/2025,1474.0,SHORT,100%,1481.0,1460.0,BE,0.0
561,PREDICT (AI),10:40 04/07/2025,1470.2,LONG,61.7%,1463.2,1484.2,WIN,14.0
562,PREDICT (AI),13:30 04/07/2025,1471.6,SHORT,53.2%,1478.6,1457.6,LOSS,-7.0
563,PREDICT (AI),14:05 07/07/2025,1484.6,SHORT,51.5%,1491.6,1470.6,LOSS,-7.0
564,PREDICT (AI),13:25 08/07/2025,1498.5,SHORT,58.8%,1505.5,1484.5,LOSS,-7.0
565,PREDICT (AI),13:30 10/07/2025,1547.2,SHORT,51.2%,1554.2,1533.2,LOSS,-7.0
566,PREDICT (AI),13:50 11/07/2025,1588.8,SHORT,51.9%,1595.8,1574.8,LOSS,-7.0
567,PREDICT (AI),09:30 14/07/2025,1593.9,LONG,63.9%,1586.9,1607.9,LOSS,-7.0
568,PREDICT (AI),13:25 14/07/2025,1595.7,SHORT,56.0%,1602.7,1581.7,LOSS,-7.0
569,PREDICT (AI),14:00 15/07/2025,1606.4,SHORT,54.9%,1613.4,1592.4,WIN,14.0
570,PREDICT (AI),13:40 18/07/2025,1629.6,LONG,53.8%,1622.6,1643.6,WIN,14.0
571,PREDICT (AI),10:10 21/07/2025,1639.0,LONG,51.4%,1632.0,1653.0,LOSS,-7.0
572,PREDICT (AI),14:05 21/07/2025,1637.5,LONG,68.1%,1630.5,1651.5,LOSS,-7.0
573,PREDICT (AI),10:15 22/07/2025,1624.3,LONG,56.3%,1617.3,1638.3,WIN,14.0
574,PREDICT (AI),13:30 22/07/2025,1623.2,SHORT,50.2%,1630.2,1609.2,LOSS,-7.0
575,PREDICT (AI),10:30 23/07/2025,1659.1,LONG,61.5%,1652.1,1673.1,LOSS,-7.0
576,PREDICT (AI),13:50 23/07/2025,1654.2,SHORT,59.8%,1661.2,1640.2,WIN,5.6
577,PREDICT (AI),10:10 24/07/2025,1650.0,SHORT,62.5%,1657.0,1636.0,WIN,6.5
578,PREDICT (AI),13:55 24/07/2025,1650.9,LONG,57.3%,1643.9,1664.9,LOSS,-7.0
579,PREDICT (AI),13:05 25/07/2025,1657.4,LONG,52.9%,1650.4,1671.4,WIN,14.0
580,PREDICT (AI),10:45 28/07/2025,1676.8,SHORT,52.0%,1683.8,1662.8,LOSS,-7.0
581,PREDICT (AI),13:25 29/07/2025,1660.8,LONG,70.7%,1653.8,1674.8,LOSS,-7.0
582,PREDICT (AI),10:55 30/07/2025,1628.2,SHORT,51.9%,1635.2,1614.2,WIN,14.0
583,PREDICT (AI),13:50 30/07/2025,1615.2,LONG,72.5%,1608.2,1629.2,WIN,14.0
584,PREDICT (AI),13:10 31/07/2025,1606.6,LONG,57.9%,1599.6,1620.6,WIN,3.3
585,PREDICT (AI),14:25 31/07/2025,1609.4,LONG,57.0%,1602.4,1623.4,LOSS,-7.0
586,PREDICT (AI),14:10 01/08/2025,1603.3,LONG,50.1%,1596.3,1617.3,WIN,4.7
587,PREDICT (AI),14:10 05/08/2025,1707.6,SHORT,55.5%,1714.6,1693.6,WIN,14.0
588,PREDICT (AI),14:05 06/08/2025,1712.4,SHORT,54.0%,1719.4,1698.4,LOSS,-7.0
589,PREDICT (AI),10:35 07/08/2025,1716.2,LONG,57.7%,1709.2,1730.2,WIN,2.6
590,PREDICT (AI),13:40 07/08/2025,1716.8,LONG,58.3%,1709.8,1730.8,WIN,4.2
591,PREDICT (AI),13:30 08/08/2025,1718.9,SHORT,57.5%,1725.9,1704.9,WIN,4.0
592,PREDICT (AI),13:15 11/08/2025,1737.3,LONG,51.8%,1730.3,1751.3,WIN,6.3
593,PREDICT (AI),09:00 12/08/2025,1742.1,SHORT,50.6%,1749.1,1728.1,LOSS,-7.0
594,PREDICT (AI),13:55 12/08/2025,1743.9,LONG,52.0%,1736.9,1757.9,WIN,14.0
595,PREDICT (AI),09:55 13/08/2025,1745.3,SHORT,66.1%,1752.3,1731.3,WIN,4.8
596,PREDICT (AI),13:30 14/08/2025,1773.6,LONG,77.0%,1766.6,1787.6,WIN,14.0
597,PREDICT (AI),14:00 15/08/2025,1782.3,LONG,67.7%,1775.3,1796.3,LOSS,-7.0
598,PREDICT (AI),11:05 18/08/2025,1778.8,LONG,53.8%,1771.8,1792.8,LOSS,-7.0
599,PREDICT (AI),14:00 18/08/2025,1777.3,LONG,62.1%,1770.3,1791.3,WIN,14.0
600,PREDICT (AI),11:20 19/08/2025,1799.5,SHORT,52.2%,1806.5,1785.5,LOSS,-7.0
601,PREDICT (AI),13:20 20/08/2025,1803.2,SHORT,51.4%,1810.2,1789.2,LOSS,-7.0
602,PREDICT (AI),13:15 22/08/2025,1820.9,SHORT,51.1%,1827.9,1806.9,WIN,4.2
603,PREDICT (AI),09:45 25/08/2025,1816.8,SHORT,56.9%,1823.8,1802.8,LOSS,-7.0
604,PREDICT (AI),09:50 26/08/2025,1791.4,SHORT,55.3%,1798.4,1777.4,LOSS,-7.0
605,PREDICT (AI),13:00 26/08/2025,1802.7,SHORT,52.0%,1809.7,1788.7,LOSS,-7.0
606,PREDICT (AI),11:25 27/08/2025,1854.4,LONG,55.6%,1847.4,1868.4,LOSS,-7.0
607,PREDICT (AI),14:20 27/08/2025,1851.1,LONG,66.4%,1844.1,1865.1,WIN,6.9
608,PREDICT (AI),10:00 28/08/2025,1849.6,LONG,50.5%,1842.6,1863.6,LOSS,-7.0
609,PREDICT (AI),09:45 29/08/2025,1864.4,LONG,55.8%,1857.4,1878.4,WIN,5.6
610,PREDICT (AI),10:35 03/09/2025,1852.0,LONG,59.5%,1845.0,1866.0,LOSS,-7.0
611,PREDICT (AI),14:05 03/09/2025,1849.8,SHORT,53.5%,1856.8,1835.8,LOSS,-7.0
612,PREDICT (AI),10:05 04/09/2025,1855.7,SHORT,56.9%,1862.7,1841.7,WIN,5.1
613,PREDICT (AI),14:20 08/09/2025,1820.6,SHORT,50.6%,1827.6,1806.6,WIN,14.0
614,PREDICT (AI),13:55 09/09/2025,1811.0,LONG,63.1%,1804.0,1825.0,LOSS,-7.0
615,PREDICT (AI),14:10 10/09/2025,1809.2,LONG,70.0%,1802.2,1823.2,WIN,14.0
616,PREDICT (AI),10:25 12/09/2025,1851.3,SHORT,60.0%,1858.3,1837.3,LOSS,-7.0
617,PREDICT (AI),09:35 15/09/2025,1861.7,LONG,66.0%,1854.7,1875.7,LOSS,-7.0
618,PREDICT (AI),13:35 15/09/2025,1858.6,SHORT,58.8%,1865.6,1844.6,LOSS,-7.0
619,PREDICT (AI),13:10 16/09/2025,1877.4,SHORT,62.9%,1884.4,1863.4,LOSS,-7.0
620,PREDICT (AI),11:25 17/09/2025,1879.7,LONG,68.2%,1872.7,1893.7,LOSS,-7.0
621,PREDICT (AI),14:10 17/09/2025,1880.8,LONG,59.3%,1873.8,1894.8,LOSS,-7.0
622,PREDICT (AI),14:20 22/09/2025,1810.1,LONG,61.1%,1803.1,1824.1,WIN,14.0
623,PREDICT (AI),13:40 23/09/2025,1823.5,SHORT,57.6%,1830.5,1809.5,WIN,14.0
624,PREDICT (AI),10:35 24/09/2025,1804.0,LONG,58.8%,1797.0,1818.0,BE,0.0
625,PREDICT (AI),14:10 25/09/2025,1850.0,LONG,62.1%,1843.0,1864.0,LOSS,-7.0
626,PREDICT (AI),10:00 26/09/2025,1852.9,SHORT,67.9%,1859.9,1838.9,WIN,3.3
627,PREDICT (AI),14:15 26/09/2025,1845.3,LONG,76.6%,1838.3,1859.3,LOSS,-7.0
628,PREDICT (AI),10:15 29/09/2025,1842.3,LONG,52.1%,1835.3,1856.3,WIN,14.0
629,PREDICT (AI),13:40 29/09/2025,1865.0,SHORT,57.0%,1872.0,1851.0,WIN,4.7
630,PREDICT (AI),09:55 30/09/2025,1860.7,LONG,55.6%,1853.7,1874.7,LOSS,-7.0
631,PREDICT (AI),13:55 30/09/2025,1849.2,LONG,54.7%,1842.2,1863.2,WIN,6.4
632,PREDICT (AI),11:25 01/10/2025,1866.9,LONG,50.1%,1859.9,1880.9,WIN,14.0
633,PREDICT (AI),14:10 01/10/2025,1869.1,SHORT,58.0%,1876.1,1855.1,LOSS,-7.0
634,PREDICT (AI),13:45 02/10/2025,1874.2,LONG,58.0%,1867.2,1888.2,LOSS,-7.0
635,PREDICT (AI),14:20 03/10/2025,1862.4,LONG,56.5%,1855.4,1876.4,WIN,14.0
636,PREDICT (AI),11:05 07/10/2025,1919.4,SHORT,58.7%,1926.4,1905.4,WIN,2.3
637,PREDICT (AI),09:05 08/10/2025,1923.2,SHORT,50.3%,1930.2,1909.2,WIN,3.9
638,PREDICT (AI),13:25 08/10/2025,1920.5,SHORT,54.3%,1927.5,1906.5,LOSS,-7.0
639,PREDICT (AI),13:00 09/10/2025,1933.8,LONG,53.4%,1926.8,1947.8,LOSS,-7.0
640,PREDICT (AI),13:05 14/10/2025,2033.5,SHORT,55.8%,2040.5,2019.5,WIN,14.0
641,PREDICT (AI),09:25 15/10/2025,2021.4,LONG,63.0%,2014.4,2035.4,WIN,5.6
642,PREDICT (AI),14:00 15/10/2025,2021.6,LONG,51.7%,2014.6,2035.6,WIN,2.4
643,PREDICT (AI),13:05 17/10/2025,2006.1,SHORT,62.5%,2013.1,1992.1,WIN,1.1
644,PREDICT (AI),11:15 20/10/2025,1955.8,LONG,58.7%,1948.8,1969.8,LOSS,-7.0
645,PREDICT (AI),10:30 21/10/2025,1885.8,LONG,69.2%,1878.8,1899.8,LOSS,-7.0
646,PREDICT (AI),13:25 22/10/2025,1888.1,LONG,58.9%,1881.1,1902.1,LOSS,-7.0
647,PREDICT (AI),10:30 23/10/2025,1930.3,LONG,53.4%,1923.3,1944.3,WIN,14.0
648,PREDICT (AI),11:15 27/10/2025,1933.7,LONG,55.2%,1926.7,1947.7,LOSS,-7.0
649,PREDICT (AI),14:15 27/10/2025,1917.6,LONG,61.8%,1910.6,1931.6,LOSS,-7.0
650,PREDICT (AI),10:20 28/10/2025,1897.3,LONG,71.7%,1890.3,1911.3,LOSS,-7.0
651,PREDICT (AI),13:20 30/10/2025,1933.3,LONG,62.0%,1926.3,1947.3,LOSS,-7.0
652,PREDICT (AI),13:50 31/10/2025,1908.0,LONG,71.3%,1901.0,1922.0,LOSS,-7.0
653,PREDICT (AI),14:00 03/11/2025,1898.7,LONG,55.5%,1891.7,1912.7,LOSS,-7.0
654,PREDICT (AI),13:35 04/11/2025,1868.0,SHORT,54.8%,1875.0,1854.0,LOSS,-7.0
655,PREDICT (AI),09:50 05/11/2025,1889.9,SHORT,53.5%,1896.9,1875.9,LOSS,-7.0
656,PREDICT (AI),11:05 05/11/2025,1886.0,LONG,58.4%,1879.0,1900.0,WIN,4.2
657,PREDICT (AI),13:05 06/11/2025,1874.8,LONG,52.9%,1867.8,1888.8,WIN,5.0
658,PREDICT (AI),14:25 06/11/2025,1873.2,SHORT,56.1%,1880.2,1859.2,WIN,14.0
659,PREDICT (AI),11:20 07/11/2025,1853.4,SHORT,50.2%,1860.4,1839.4,WIN,14.0
660,PREDICT (AI),11:05 10/11/2025,1828.6,SHORT,61.6%,1835.6,1814.6,LOSS,-7.0
661,PREDICT (AI),09:55 11/11/2025,1821.9,LONG,59.6%,1814.9,1835.9,LOSS,-7.0
662,PREDICT (AI),11:15 11/11/2025,1819.2,SHORT,52.7%,1826.2,1805.2,WIN,14.0
663,PREDICT (AI),14:25 11/11/2025,1810.0,LONG,66.8%,1803.0,1824.0,WIN,14.0
664,PREDICT (AI),10:10 12/11/2025,1822.8,SHORT,60.9%,1829.8,1808.8,LOSS,-7.0
665,PREDICT (AI),13:10 13/11/2025,1864.8,LONG,54.2%,1857.8,1878.8,WIN,6.9
666,PREDICT (AI),10:45 14/11/2025,1856.7,SHORT,55.1%,1863.7,1842.7,LOSS,-7.0
667,PREDICT (AI),14:15 14/11/2025,1865.9,LONG,51.7%,1858.9,1879.9,WIN,14.0
668,PREDICT (AI),14:05 17/11/2025,1891.4,SHORT,73.2%,1898.4,1877.4,WIN,2.4
669,PREDICT (AI),10:15 18/11/2025,1889.6,SHORT,66.7%,1896.6,1875.6,LOSS,-7.0
670,PREDICT (AI),14:00 18/11/2025,1892.0,SHORT,51.2%,1899.0,1878.0,WIN,14.0
671,PREDICT (AI),10:25 19/11/2025,1893.1,SHORT,60.5%,1900.1,1879.1,WIN,14.0
672,PREDICT (AI),14:00 19/11/2025,1891.0,LONG,63.7%,1884.0,1905.0,LOSS,-7.0
673,PREDICT (AI),10:00 25/11/2025,1918.1,SHORT,50.1%,1925.1,1904.1,WIN,3.8
674,PREDICT (AI),13:40 25/11/2025,1918.0,SHORT,56.0%,1925.0,1904.0,WIN,3.7
675,PREDICT (AI),09:25 26/11/2025,1916.6,LONG,50.1%,1909.6,1930.6,WIN,5.9
676,PREDICT (AI),13:25 26/11/2025,1923.1,SHORT,50.4%,1930.1,1909.1,LOSS,-7.0
677,PREDICT (AI),14:05 27/11/2025,1923.0,LONG,51.7%,1916.0,1937.0,LOSS,-7.0
678,PREDICT (AI),09:50 28/11/2025,1922.1,SHORT,51.3%,1929.1,1908.1,LOSS,-7.0
679,PREDICT (AI),13:55 28/11/2025,1922.2,LONG,69.4%,1915.2,1936.2,LOSS,-7.0
680,PREDICT (AI),13:25 01/12/2025,1930.8,SHORT,55.4%,1937.8,1916.8,LOSS,-7.0
681,PREDICT (AI),11:00 03/12/2025,1954.9,LONG,64.1%,1947.9,1968.9,WIN,14.0
682,PREDICT (AI),10:30 04/12/2025,1972.9,SHORT,55.5%,1979.9,1958.9,LOSS,-7.0
683,PREDICT (AI),14:10 04/12/2025,1975.3,SHORT,57.6%,1982.3,1961.3,LOSS,-7.0
684,PREDICT (AI),14:05 05/12/2025,1975.0,SHORT,67.8%,1982.0,1961.0,LOSS,-7.0
685,PREDICT (AI),14:25 08/12/2025,1984.0,SHORT,51.6%,1991.0,1970.0,WIN,14.0
686,PREDICT (AI),13:10 09/12/2025,1961.7,SHORT,55.1%,1968.7,1947.7,BE,0.0
687,PREDICT (AI),13:10 10/12/2025,1961.2,LONG,66.2%,1954.2,1975.2,LOSS,-7.0
688,PREDICT (AI),13:15 11/12/2025,1930.9,SHORT,53.1%,1937.9,1916.9,BE,0.0
689,PREDICT (AI),11:10 15/12/2025,1871.4,SHORT,51.6%,1878.4,1857.4,WIN,5.9
690,PREDICT (AI),10:55 16/12/2025,1870.9,SHORT,50.0%,1877.9,1856.9,LOSS,-7.0
691,PREDICT (AI),09:50 17/12/2025,1915.5,SHORT,54.6%,1922.5,1901.5,WIN,14.0
692,PREDICT (AI),11:05 17/12/2025,1914.1,LONG,62.6%,1907.1,1928.1,LOSS,-7.0
693,PREDICT (AI),14:00 17/12/2025,1910.8,LONG,59.8%,1903.8,1924.8,LOSS,-7.0
694,PREDICT (AI),13:00 19/12/2025,1929.5,LONG,55.0%,1922.5,1943.5,LOSS,-7.0
695,PREDICT (AI),09:15 24/12/2025,2018.9,LONG,54.6%,2011.9,2032.9,LOSS,-7.0
696,PREDICT (AI),11:00 24/12/2025,2016.1,SHORT,57.4%,2023.1,2002.1,WIN,2.0
697,PREDICT (AI),13:55 24/12/2025,2018.4,SHORT,56.8%,2025.4,2004.4,BE,0.0
698,PREDICT (AI),13:40 25/12/2025,2034.0,SHORT,62.2%,2041.0,2020.0,WIN,1.4
699,PREDICT (AI),14:20 29/12/2025,1984.1,LONG,56.6%,1977.1,1998.1,WIN,14.0
700,PREDICT (AI),13:05 30/12/2025,1992.0,LONG,54.1%,1985.0,2006.0,WIN,14.0
701,PREDICT (AI),09:00 05/01/2026,2031.3,LONG,51.4%,2024.3,2045.3,LOSS,-7.0
702,PREDICT (AI),11:20 05/01/2026,2020.0,SHORT,53.8%,2027.0,2006.0,LOSS,-7.0
703,PREDICT (AI),10:20 06/01/2026,2029.1,LONG,68.9%,2022.1,2043.1,WIN,14.0
704,PREDICT (AI),13:10 06/01/2026,2035.6,SHORT,73.0%,2042.6,2021.6,LOSS,-7.0
705,PREDICT (AI),09:35 07/01/2026,2061.3,LONG,55.5%,2054.3,2075.3,WIN,3.7
706,PREDICT (AI),11:25 08/01/2026,2098.0,LONG,53.1%,2091.0,2112.0,WIN,3.9
707,PREDICT (AI),14:10 09/01/2026,2073.3,LONG,63.8%,2066.3,2087.3,LOSS,-7.0
708,PREDICT (AI),10:20 12/01/2026,2063.1,LONG,56.2%,2056.1,2077.1,WIN,14.0
709,PREDICT (AI),13:40 12/01/2026,2063.1,SHORT,50.8%,2070.1,2049.1,LOSS,-7.0
710,PREDICT (AI),13:35 13/01/2026,2091.6,SHORT,57.0%,2098.6,2077.6,WIN,4.0
711,PREDICT (AI),10:30 14/01/2026,2086.8,LONG,54.0%,2079.8,2100.8,LOSS,-7.0
712,PREDICT (AI),11:05 15/01/2026,2042.5,LONG,50.1%,2035.5,2056.5,LOSS,-7.0
713,PREDICT (AI),14:15 16/01/2026,2090.6,LONG,62.0%,2083.6,2104.6,LOSS,-7.0
714,PREDICT (AI),10:35 19/01/2026,2087.2,LONG,54.8%,2080.2,2101.2,LOSS,-7.0
715,PREDICT (AI),14:10 19/01/2026,2083.1,LONG,64.0%,2076.1,2097.1,WIN,14.0
716,PREDICT (AI),13:05 20/01/2026,2091.2,LONG,65.7%,2084.2,2105.2,WIN,14.0
717,PREDICT (AI),11:20 21/01/2026,2072.2,LONG,56.7%,2065.2,2086.2,LOSS,-7.0
718,PREDICT (AI),14:15 21/01/2026,2074.4,LONG,52.6%,2067.4,2088.4,LOSS,-7.0
719,PREDICT (AI),13:05 23/01/2026,2094.9,SHORT,56.3%,2101.9,2080.9,WIN,14.0
720,PREDICT (AI),13:05 26/01/2026,2053.5,SHORT,54.9%,2060.5,2039.5,WIN,14.0
721,PREDICT (AI),10:25 27/01/2026,2035.8,LONG,73.8%,2028.8,2049.8,LOSS,-7.0
722,PREDICT (AI),13:35 27/01/2026,2035.9,SHORT,52.0%,2042.9,2021.9,WIN,14.0
723,PREDICT (AI),09:15 28/01/2026,2030.5,SHORT,51.4%,2037.5,2016.5,WIN,14.0
724,PREDICT (AI),09:00 29/01/2026,2008.9,LONG,62.7%,2001.9,2022.9,BE,0.0
725,PREDICT (AI),10:15 29/01/2026,2008.4,LONG,56.9%,2001.4,2022.4,WIN,4.4
726,PREDICT (AI),13:25 29/01/2026,2012.6,SHORT,54.6%,2019.6,1998.6,LOSS,-7.0
727,PREDICT (AI),11:20 30/01/2026,2029.5,SHORT,56.6%,2036.5,2015.5,LOSS,-7.0
728,PREDICT (AI),14:15 30/01/2026,2030.6,LONG,69.4%,2023.6,2044.6,LOSS,-7.0
729,PREDICT (AI),13:30 02/02/2026,1991.9,SHORT,56.5%,1998.9,1977.9,LOSS,-7.0
730,PREDICT (AI),10:15 03/02/2026,2011.2,LONG,52.6%,2004.2,2025.2,WIN,1.5
731,PREDICT (AI),13:15 03/02/2026,2012.5,LONG,58.8%,2005.5,2026.5,LOSS,-7.0
732,PREDICT (AI),13:20 04/02/2026,1989.2,SHORT,57.5%,1996.2,1975.2,LOSS,-7.0
733,PREDICT (AI),09:40 05/02/2026,1992.5,LONG,50.7%,1985.5,2006.5,WIN,2.3
734,PREDICT (AI),11:05 05/02/2026,1991.7,LONG,64.2%,1984.7,2005.7,LOSS,-7.0
735,PREDICT (AI),13:50 05/02/2026,1987.2,LONG,60.9%,1980.2,2001.2,WIN,2.6
736,PREDICT (AI),09:00 09/02/2026,1968.0,LONG,69.3%,1961.0,1982.0,LOSS,-7.0
737,PREDICT (AI),13:05 09/02/2026,1963.0,LONG,59.2%,1956.0,1977.0,LOSS,-7.0
738,PREDICT (AI),09:00 10/02/2026,1959.5,SHORT,58.7%,1966.5,1945.5,LOSS,-7.0
739,PREDICT (AI),10:30 10/02/2026,1965.7,LONG,58.4%,1958.7,1979.7,BE,0.0
740,PREDICT (AI),14:20 12/02/2026,2018.2,LONG,72.6%,2011.2,2032.2,LOSS,-7.0
741,PREDICT (AI),13:30 13/02/2026,2017.4,SHORT,55.4%,2024.4,2003.4,WIN,1.4
742,PREDICT (AI),10:55 23/02/2026,2040.7,SHORT,54.9%,2047.7,2026.7,LOSS,-7.0
743,PREDICT (AI),14:15 23/02/2026,2044.6,LONG,68.3%,2037.6,2058.6,LOSS,-7.0
744,PREDICT (AI),10:30 24/02/2026,2038.5,SHORT,51.4%,2045.5,2024.5,LOSS,-7.0
745,PREDICT (AI),14:25 24/02/2026,2046.2,SHORT,60.1%,2053.2,2032.2,LOSS,-7.0
746,PREDICT (AI),11:05 25/02/2026,2046.9,LONG,56.5%,2039.9,2060.9,BE,0.0
747,PREDICT (AI),14:05 25/02/2026,2050.0,LONG,50.5%,2043.0,2064.0,WIN,14.0
748,PREDICT (AI),13:05 27/02/2026,2059.2,SHORT,53.2%,2066.2,2045.2,BE,0.0
749,PREDICT (AI),13:40 02/03/2026,2042.9,SHORT,61.7%,2049.9,2028.9,WIN,14.0
750,PREDICT (AI),09:50 04/03/2026,1947.5,LONG,57.9%,1940.5,1961.5,LOSS,-7.0
751,PREDICT (AI),11:10 04/03/2026,1940.7,SHORT,52.1%,1947.7,1926.7,WIN,14.0
752,PREDICT (AI),14:25 05/03/2026,1931.0,LONG,60.5%,1924.0,1945.0,LOSS,-7.0
753,PREDICT (AI),10:10 06/03/2026,1920.9,SHORT,52.8%,1927.9,1906.9,WIN,1.4
754,PREDICT (AI),13:20 06/03/2026,1923.6,SHORT,59.7%,1930.6,1909.6,LOSS,-7.0
755,PREDICT (AI),13:55 09/03/2026,1768.9,LONG,58.5%,1761.9,1782.9,WIN,14.0
756,PREDICT (AI),14:10 10/03/2026,1818.1,SHORT,55.4%,1825.1,1804.1,LOSS,-7.0
757,PREDICT (AI),11:05 12/03/2026,1853.5,LONG,73.1%,1846.5,1867.5,LOSS,-7.0
758,PREDICT (AI),14:00 12/03/2026,1848.3,LONG,52.5%,1841.3,1862.3,WIN,1.6
759,PREDICT (AI),13:25 13/03/2026,1857.9,LONG,58.0%,1850.9,1871.9,LOSS,-7.0
760,PREDICT (AI),10:00 16/03/2026,1853.5,SHORT,50.4%,1860.5,1839.5,WIN,1.1
761,PREDICT (AI),14:15 16/03/2026,1851.4,LONG,54.2%,1844.4,1865.4,WIN,14.0
762,PREDICT (AI),11:15 17/03/2026,1896.5,SHORT,52.2%,1903.5,1882.5,WIN,14.0
763,PREDICT (AI),09:00 18/03/2026,1892.5,LONG,79.8%,1885.5,1906.5,WIN,14.0
764,PREDICT (AI),13:30 18/03/2026,1896.8,LONG,52.3%,1889.8,1910.8,LOSS,-7.0
765,PREDICT (AI),13:40 20/03/2026,1813.7,SHORT,57.1%,1820.7,1799.7,WIN,14.0
766,PREDICT (AI),13:15 23/03/2026,1760.0,LONG,53.6%,1753.0,1774.0,LOSS,-7.0
767,PREDICT (AI),14:00 24/03/2026,1773.0,SHORT,52.3%,1780.0,1759.0,WIN,4.4
768,PREDICT (AI),13:10 25/03/2026,1798.3,LONG,54.2%,1791.3,1812.3,WIN,14.0
769,PREDICT (AI),11:05 26/03/2026,1796.5,SHORT,50.4%,1803.5,1782.5,WIN,6.5
770,PREDICT (AI),14:05 26/03/2026,1788.2,LONG,56.4%,1781.2,1802.2,WIN,14.0
771,PREDICT (AI),14:25 30/03/2026,1800.5,LONG,64.5%,1793.5,1814.5,WIN,14.0
772,PREDICT (AI),11:20 31/03/2026,1834.0,LONG,74.2%,1827.0,1848.0,LOSS,-7.0
773,PREDICT (AI),14:10 31/03/2026,1826.0,SHORT,53.3%,1833.0,1812.0,BE,0.0
774,PREDICT (AI),13:10 01/04/2026,1871.9,LONG,55.8%,1864.9,1885.9,WIN,2.3
775,PREDICT (AI),10:55 02/04/2026,1845.2,LONG,52.4%,1838.2,1859.2,WIN,14.0
776,PREDICT (AI),14:00 06/04/2026,1840.1,SHORT,60.9%,1847.1,1826.1,LOSS,-7.0
777,PREDICT (AI),11:05 07/04/2026,1847.5,SHORT,56.0%,1854.5,1833.5,WIN,4.4
778,PREDICT (AI),14:15 07/04/2026,1846.8,SHORT,77.0%,1853.8,1832.8,LOSS,-7.0
779,PREDICT (AI),09:55 09/04/2026,1933.8,LONG,59.2%,1926.8,1947.8,LOSS,-7.0
780,PREDICT (AI),13:00 09/04/2026,1931.3,SHORT,56.5%,1938.3,1917.3,LOSS,-7.0
781,PREDICT (AI),14:15 09/04/2026,1933.8,SHORT,52.4%,1940.8,1919.8,WIN,5.1
782,PREDICT (AI),10:55 10/04/2026,1951.7,LONG,55.1%,1944.7,1965.7,LOSS,-7.0
783,PREDICT (AI),10:35 13/04/2026,1917.4,LONG,61.9%,1910.4,1931.4,WIN,14.0
784,PREDICT (AI),13:05 14/04/2026,1949.0,LONG,52.6%,1942.0,1963.0,LOSS,-7.0
785,PREDICT (AI),13:15 15/04/2026,1959.4,SHORT,59.8%,1966.4,1945.4,LOSS,-7.0
786,PREDICT (AI),09:00 20/04/2026,1994.0,LONG,66.2%,1987.0,2008.0,LOSS,-7.0
787,PREDICT (AI),11:10 20/04/2026,1990.1,SHORT,59.8%,1997.1,1976.1,LOSS,-7.0
788,PREDICT (AI),11:25 21/04/2026,2021.3,SHORT,50.0%,2028.3,2007.3,WIN,14.0
789,PREDICT (AI),13:10 22/04/2026,1994.0,SHORT,63.7%,2001.0,1980.0,LOSS,-7.0
790,PREDICT (AI),14:15 23/04/2026,2019.3,LONG,60.3%,2012.3,2033.3,BE,0.0
791,PREDICT (AI),10:00 24/04/2026,2011.6,LONG,50.3%,2004.6,2025.6,LOSS,-7.0
792,PREDICT (AI),13:05 24/04/2026,2008.0,LONG,68.9%,2001.0,2022.0,LOSS,-7.0
793,PREDICT (AI),14:15 28/04/2026,2034.3,SHORT,55.5%,2041.3,2020.3,BE,0.0
794,PREDICT (AI),13:00 29/04/2026,2031.1,SHORT,58.3%,2038.1,2017.1,WIN,3.0
795,PREDICT (AI),14:15 29/04/2026,2028.1,SHORT,56.8%,2035.1,2014.1,BE,0.0
796,PREDICT (AI),09:00 05/05/2026,2005.1,LONG,64.5%,1998.1,2019.1,WIN,2.9
797,PREDICT (AI),13:30 05/05/2026,2012.5,LONG,55.0%,2005.5,2026.5,WIN,14.0
798,PREDICT (AI),11:15 06/05/2026,2040.4,LONG,53.1%,2033.4,2054.4,WIN,14.0
799,PREDICT (AI),14:00 07/05/2026,2075.8,LONG,54.6%,2068.8,2089.8,WIN,2.7
800,PREDICT (AI),10:45 08/05/2026,2070.4,LONG,50.8%,2063.4,2084.4,WIN,14.0
801,PREDICT (AI),14:05 08/05/2026,2068.0,LONG,63.3%,2061.0,2082.0,OPEN,0.0
